relation,train_pairs,reversed_fraction,two_role_fraction
/american_football/football_team/current_roster./sports/sports_team_roster/position,573,0.0000,0.0000
/award/award_category/category_of,148,0.0000,0.1149
/award/award_category/disciplines_or_subjects,204,0.0000,0.0000
/award/award_category/nominees./award/award_nomination/nominated_for,9465,0.0000,0.0000
/award/award_category/winners./award/award_honor/award_winner,5673,0.0000,0.0000
/award/award_category/winners./award/award_honor/ceremony,2834,0.0000,0.0000
/award/award_ceremony/awards_presented./award/award_honor/award_winner,2727,0.0000,0.0000
/award/award_ceremony/awards_presented./award/award_honor/honored_for,909,0.0000,0.0022
/award/award_nominated_work/award_nominations./award/award_nomination/nominated_for,717,0.8257,0.9805
/award/award_nominee/award_nominations./award/award_nomination/award,12157,0.0000,0.0000
/award/award_nominee/award_nominations./award/award_nomination/award_nominee,15989,0.8099,0.9980
/award/award_nominee/award_nominations./award/award_nomination/nominated_for,6277,0.0006,0.0135
/award/award_winner/awards_won./award/award_honor/award_winner,8423,0.8144,0.9966
/award/award_winning_work/awards_won./award/award_honor/award,3310,0.0000,0.0000
/award/award_winning_work/awards_won./award/award_honor/award_winner,2992,0.0000,0.0000
/award/award_winning_work/awards_won./award/award_honor/honored_for,475,0.8253,0.9705
/award/hall_of_fame/inductees./award/hall_of_fame_induction/inductee,154,0.0000,0.0000
/award/ranked_item/appears_in_ranked_lists./award/ranking/list,335,0.0000,0.0000
/base/aareas/schema/administrative_area/administrative_area_type,156,0.0000,0.0000
/base/aareas/schema/administrative_area/administrative_parent,579,0.0000,0.5838
/base/aareas/schema/administrative_area/capital,137,0.0000,0.0073
/base/americancomedy/celebrity_impressionist/celebrities_impersonated,121,0.0000,0.0000
/base/biblioness/bibs_location/country,610,0.0000,0.0098
/base/biblioness/bibs_location/state,300,0.0000,0.0000
/base/culturalevent/event/entity_involved,276,0.0000,0.0326
/base/eating/practicer_of_diet/diet,137,0.0000,0.0000
/base/localfood/seasonal_month/produce_available./base/localfood/produce_availability/seasonal_months,108,0.8333,1.0000
/base/locations/continents/countries_within,125,0.0000,0.0000
/base/marchmadness/ncaa_basketball_tournament/seeds./base/marchmadness/ncaa_tournament_seed/team,352,0.0000,0.0000
/base/petbreeds/city_with_dogs/top_breeds./base/petbreeds/dog_city_relationship/dog_breed,192,0.0000,0.0000
/base/popstra/celebrity/breakup./base/popstra/breakup/participant,153,0.7712,0.9281
/base/popstra/celebrity/canoodled./base/popstra/canoodled/participant,449,0.8196,0.9532
/base/popstra/celebrity/dated./base/popstra/dated/participant,1404,0.8077,0.9929
/base/popstra/celebrity/friendship./base/popstra/friendship/participant,1511,0.8048,0.9940
/base/popstra/location/vacationers./base/popstra/vacation_choice/vacationer,349,0.0000,0.0000
/base/saturdaynightlive/snl_cast_member/seasons./base/saturdaynightlive/snl_season_tenure/cast_members,100,0.8800,1.0000
/base/schemastaging/organization_extra/phone_number./base/schemastaging/phone_sandbox/contact_category,142,0.0000,0.0000
/base/schemastaging/organization_extra/phone_number./base/schemastaging/phone_sandbox/service_language,208,0.0000,0.0000
/base/schemastaging/organization_extra/phone_number./base/schemastaging/phone_sandbox/service_location,345,0.0000,0.0000
/base/schemastaging/person_extra/net_worth./measurement_unit/dated_money_value/currency,475,0.0000,0.0000
/base/x2010fifaworldcupsouthafrica/world_cup_squad/current_world_cup_squad./base/x2010fifaworldcupsouthafrica/current_world_cup_squad/current_club,246,0.0000,0.0000
/baseball/baseball_team/team_stats./baseball/baseball_team_stats/season,233,0.0000,0.0000
/broadcast/content/artist,102,0.0000,0.0000
/business/business_operation/assets./measurement_unit/dated_money_value/currency,181,0.0000,0.0000
/business/business_operation/industry,330,0.0000,0.0000
/business/business_operation/operating_income./measurement_unit/dated_money_value/currency,198,0.0000,0.0000
/business/business_operation/revenue./measurement_unit/dated_money_value/currency,215,0.0000,0.0000
/business/job_title/people_with_this_title./business/employment_tenure/company,734,0.0000,0.0000
/celebrities/celebrity/celebrity_friends./celebrities/friendship/friend,250,0.8160,0.9760
/celebrities/celebrity/sexual_relationships./celebrities/romantic_relationship/celebrity,236,0.8051,0.9364
/common/topic/webpage./common/webpage/category,3612,0.0000,0.0000
/dataworld/gardening_hint/split_to,99,0.0202,0.4949
/education/educational_degree/people_with_this_degree./education/education/institution,2257,0.0000,0.0000
/education/educational_degree/people_with_this_degree./education/education/major_field_of_study,494,0.0000,0.0000
/education/educational_degree/people_with_this_degree./education/education/student,260,0.0000,0.0000
/education/educational_institution/campuses,533,0.0000,1.0000
/education/educational_institution/colors,856,0.0000,0.0000
/education/educational_institution/school_type,728,0.0000,0.0000
/education/educational_institution/students_graduates./education/education/major_field_of_study,2622,0.0000,0.0000
/education/educational_institution/students_graduates./education/education/student,2640,0.0000,0.0000
/education/educational_institution_campus/educational_institution,526,0.0000,1.0000
/education/field_of_study/students_majoring./education/education/major_field_of_study,343,0.8222,1.0000
/education/field_of_study/students_majoring./education/education/student,259,0.0000,0.0000
/education/university/domestic_tuition./measurement_unit/dated_money_value/currency,476,0.0000,0.0000
/education/university/fraternities_and_sororities,131,0.0000,0.0000
/education/university/international_tuition./measurement_unit/dated_money_value/currency,117,0.0000,0.0000
/education/university/local_tuition./measurement_unit/dated_money_value/currency,360,0.0000,0.0000
/film/actor/dubbing_performances./film/dubbing_performance/language,112,0.0000,0.0000
/film/actor/film./film/performance/film,9494,0.0000,0.0000
/film/actor/film./film/performance/special_performance_type,180,0.0000,0.0000
/film/director/film,859,0.0000,0.0000
/film/film/cinematography,336,0.0000,0.0000
/film/film/costume_design_by,192,0.0000,0.0000
/film/film/country,2407,0.0000,0.0000
/film/film/distributors./film/film_film_distributor_relationship/film_distribution_medium,285,0.0000,0.0000
/film/film/distributors./film/film_film_distributor_relationship/region,157,0.0000,0.0000
/film/film/dubbing_performances./film/dubbing_performance/actor,114,0.0000,0.0000
/film/film/edited_by,179,0.0000,0.0000
/film/film/estimated_budget./measurement_unit/dated_money_value/currency,1210,0.0000,0.0000
/film/film/executive_produced_by,662,0.0000,0.0000
/film/film/featured_film_locations,977,0.0000,0.0000
/film/film/film_art_direction_by,101,0.0000,0.0000
/film/film/film_festivals,264,0.0000,0.0000
/film/film/film_format,345,0.0000,0.0000
/film/film/film_production_design_by,158,0.0000,0.0000
/film/film/genre,7268,0.0000,0.0085
/film/film/language,2570,0.0000,0.0000
/film/film/music,1039,0.0000,0.0000
/film/film/other_crew./film/film_crew_gig/crewmember,384,0.0000,0.0000
/film/film/other_crew./film/film_crew_gig/film_crew_role,5305,0.0000,0.0000
/film/film/personal_appearances./film/personal_film_appearance/person,217,0.0000,0.0000
/film/film/prequel,180,0.0111,0.5722
/film/film/produced_by,1285,0.0000,0.0000
/film/film/production_companies,1568,0.0000,0.0000
/film/film/release_date_s./film/film_regional_release_date/film_regional_debut_venue,246,0.0000,0.0000
/film/film/release_date_s./film/film_regional_release_date/film_release_distribution_medium,1429,0.0000,0.0000
/film/film/release_date_s./film/film_regional_release_date/film_release_region,12893,0.0000,0.0000
/film/film/runtime./film/film_cut/film_release_region,187,0.0000,0.0000
/film/film/story_by,394,0.0000,0.0000
/film/film/written_by,787,0.0000,0.0000
/film/film_distributor/films_distributed./film/film_film_distributor_relationship/film,2337,0.0000,0.0000
/film/film_set_designer/film_sets_designed,113,0.0000,0.0000
/film/film_subject/films,603,0.0000,0.0182
/film/person_or_entity_appearing_in_film/films./film/personal_film_appearance/type_of_appearance,37,0.0000,0.0000
/film/special_film_performance_type/film_performance_type./film/performance/film,93,0.0000,0.0000
/food/food/nutrients./food/nutrition_fact/nutrient,966,0.0000,0.0342
/government/government_office_category/officeholders./government/government_position_held/jurisdiction_of_office,760,0.0000,0.0000
/government/governmental_body/members./government/government_position_held/legislative_sessions,101,0.0000,0.0000
/government/legislative_session/members./government/government_position_held/district_represented,1070,0.0000,0.0000
/government/legislative_session/members./government/government_position_held/legislative_sessions,814,0.8206,1.0000
/government/political_party/politicians_in_this_party./government/political_party_tenure/politician,107,0.0000,0.0000
/government/politician/government_positions_held./government/government_position_held/basic_title,114,0.0000,0.0000
/government/politician/government_positions_held./government/government_position_held/jurisdiction_of_office,106,0.0000,0.0000
/government/politician/government_positions_held./government/government_position_held/legislative_sessions,215,0.0000,0.0000
/ice_hockey/hockey_team/current_roster./sports/sports_team_roster/position,121,0.0000,0.0000
/influence/influence_node/influenced_by,1908,0.0273,0.9502
/influence/influence_node/peers./influence/peer_relationship/peers,166,0.7831,0.9578
/language/human_language/countries_spoken_in,335,0.0000,0.0000
/location/administrative_division/country,386,0.0000,0.0207
/location/administrative_division/first_level_division_of,141,0.0000,0.1844
/location/capital_of_administrative_division/capital_of./location/administrative_division_capital_relationship/administrative_division,296,0.0000,0.0068
/location/country/capital,142,0.0000,0.0211
/location/country/form_of_government,298,0.0000,0.0000
/location/country/official_language,225,0.0000,0.0000
/location/country/second_level_divisions,463,0.0000,0.0000
/location/hud_county_place/county,305,0.0000,0.0590
/location/hud_county_place/place,459,0.0000,1.0000
/location/hud_foreclosure_area/estimated_number_of_mortgages./measurement_unit/dated_integer/source,788,0.0000,0.0000
/location/location/adjoin_s./location/adjoining_relationship/adjoins,2051,0.8094,0.9912
/location/location/contains,5201,0.0000,0.7973
/location/location/partially_contains,133,0.0000,0.1203
/location/location/time_zones,1151,0.0000,0.0000
/location/statistical_region/gdp_nominal./measurement_unit/dated_money_value/currency,220,0.0000,0.0000
/location/statistical_region/gdp_nominal_per_capita./measurement_unit/dated_money_value/currency,190,0.0000,0.0000
/location/statistical_region/gdp_real./measurement_unit/adjusted_money_value/adjustment_currency,160,0.0000,0.0000
/location/statistical_region/gni_per_capita_in_ppp_dollars./measurement_unit/dated_money_value/currency,149,0.0000,0.0000
/location/statistical_region/places_exported_to./location/imports_and_exports/exported_to,172,0.3605,0.9593
/location/statistical_region/religions./location/religion_percentage/religion,596,0.0000,0.0000
/location/statistical_region/rent50_2./measurement_unit/dated_money_value/currency,373,0.0000,0.0000
/location/us_county/county_seat,181,0.0000,0.1160
/media_common/netflix_genre/titles,2671,0.0000,0.0007
/medicine/disease/notable_people_with_this_condition,121,0.0000,0.0000
/medicine/disease/risk_factors,162,0.0000,0.6667
/medicine/symptom/symptom_of,154,0.0000,0.1818
/military/military_combatant/military_conflicts./military/military_combatant_group/combatants,747,0.8300,0.9973
/military/military_conflict/combatants./military/military_combatant_group/combatants,424,0.0000,0.0000
/music/artist/contribution./music/recording_contribution/performance_role,218,0.0000,0.0000
/music/artist/origin,552,0.0000,0.0000
/music/artist/track_contributions./music/track_contribution/role,1772,0.0000,0.0000
/music/genre/artists,5880,0.0000,0.0020
/music/genre/parent_genre,678,0.0206,0.9528
/music/group_member/membership./music/group_membership/group,218,0.0000,0.0092
/music/group_member/membership./music/group_membership/role,750,0.0000,0.0000
/music/instrument/family,100,0.0000,0.5600
/music/instrument/instrumentalists,1938,0.0000,0.0000
/music/performance_role/guest_performances./music/recording_contribution/performance_role,497,0.8089,0.9980
/music/performance_role/regular_performances./music/group_membership/group,1327,0.0000,0.0000
/music/performance_role/regular_performances./music/group_membership/role,2655,0.8173,1.0000
/music/performance_role/track_performances./music/track_contribution/role,3795,0.8084,1.0000
/music/record_label/artist,2226,0.0000,0.0000
/olympics/olympic_games/medals_awarded./olympics/olympic_medal_honor/medal,101,0.0000,0.0000
/olympics/olympic_games/participating_countries,490,0.0000,0.0000
/olympics/olympic_games/sports,664,0.0000,0.0000
/olympics/olympic_participating_country/athletes./olympics/olympic_athlete_affiliation/olympics,760,0.0000,0.0000
/olympics/olympic_participating_country/medals_won./olympics/olympic_medal_honor/medal,256,0.0000,0.0000
/olympics/olympic_participating_country/medals_won./olympics/olympic_medal_honor/olympics,1153,0.0000,0.0000
/olympics/olympic_sport/athletes./olympics/olympic_athlete_affiliation/country,2130,0.0000,0.0000
/olympics/olympic_sport/athletes./olympics/olympic_athlete_affiliation/olympics,381,0.0000,0.0000
/organization/endowed_organization/endowment./measurement_unit/dated_money_value/currency,456,0.0000,0.0000
/organization/non_profit_organization/registered_with./organization/non_profit_registration/registering_agency,125,0.0000,0.0000
/organization/organization/child./organization/organization_relationship/child,191,0.0000,0.4503
/organization/organization/headquarters./location/mailing_address/citytown,852,0.0000,0.0000
/organization/organization/headquarters./location/mailing_address/country,182,0.0000,0.0000
/organization/organization/headquarters./location/mailing_address/state_province_region,721,0.0000,0.0000
/organization/organization/place_founded,104,0.0000,0.0000
/organization/organization_founder/organizations_founded,137,0.0000,0.0292
/organization/organization_member/member_of./organization/organization_membership/organization,797,0.0000,0.0063
/organization/role/leaders./organization/leadership/organization,756,0.0000,0.0000
/people/cause_of_death/people,737,0.0000,0.0000
/people/deceased_person/place_of_burial,142,0.0000,0.0000
/people/deceased_person/place_of_death,695,0.0000,0.0000
/people/ethnicity/geographic_distribution,122,0.0000,0.0000
/people/ethnicity/languages_spoken,192,0.0000,0.0000
/people/ethnicity/people,2063,0.0000,0.0000
/people/marriage_union_type/unions_of_this_type./people/marriage/location_of_ceremony,417,0.0000,0.0000
/people/person/employment_history./business/employment_tenure/company,316,0.0000,0.0000
/people/person/gender,3717,0.0000,0.0000
/people/person/languages,783,0.0000,0.0000
/people/person/nationality,4197,0.0000,0.0000
/people/person/place_of_birth,2465,0.0000,0.0000
/people/person/places_lived./people/place_lived/location,3738,0.0000,0.0000
/people/person/profession,10945,0.0000,0.0013
/people/person/religion,1085,0.0000,0.0000
/people/person/sibling_s./people/sibling_relationship/sibling,131,0.8244,0.8855
/people/person/spouse_s./people/marriage/location_of_ceremony,251,0.0000,0.0000
/people/person/spouse_s./people/marriage/spouse,427,0.8009,0.8642
/people/person/spouse_s./people/marriage/type_of_union,2909,0.0000,0.0000
/people/profession/specialization_of,102,0.0000,0.2647
/soccer/football_player/current_team./sports/sports_team_roster/team,536,0.0000,0.0000
/soccer/football_team/current_roster./soccer/football_roster_position/position,2265,0.0000,0.0000
/soccer/football_team/current_roster./sports/sports_team_roster/position,2262,0.0000,0.0000
/sports/pro_athlete/teams./sports/sports_team_roster/team,676,0.0000,0.0000
/sports/professional_sports_team/draft_picks./sports/sports_league_draft_pick/draft,437,0.0000,0.0000
/sports/professional_sports_team/draft_picks./sports/sports_league_draft_pick/school,688,0.0000,0.0000
/sports/sport/pro_athletes./sports/pro_sports_played/athlete,128,0.0000,0.0000
/sports/sports_league/teams./sports/sports_league_participation/team,161,0.0000,0.0000
/sports/sports_league_draft/picks./sports/sports_league_draft_pick/school,269,0.0000,0.0000
/sports/sports_position/players./american_football/football_historical_roster_position/position_s,102,0.7647,1.0000
/sports/sports_position/players./sports/sports_team_roster/position,125,0.8480,1.0000
/sports/sports_position/players./sports/sports_team_roster/team,3500,0.0000,0.0000
/sports/sports_team/colors,689,0.0000,0.0000
/sports/sports_team/roster./american_football/football_historical_roster_position/position_s,622,0.0000,0.0000
/sports/sports_team/roster./american_football/football_roster_position/position,607,0.0000,0.0000
/sports/sports_team/roster./baseball/baseball_roster_position/position,183,0.0000,0.0000
/sports/sports_team/roster./basketball/basketball_roster_position/position,178,0.0000,0.0000
/sports/sports_team/sport,423,0.0000,0.0000
/sports/sports_team_location/teams,331,0.0000,0.0000
/time/event/instance_of_recurring_event,109,0.0000,0.0000
/time/event/locations,363,0.0000,0.0055
/travel/travel_destination/climate./travel/travel_destination_monthly_climate/month,535,0.0000,0.0000
/travel/travel_destination/how_to_get_here./travel/transportation/mode_of_transportation,146,0.0000,0.0000
/tv/non_character_role/tv_regular_personal_appearances./tv/tv_regular_personal_appearance/person,90,0.0000,0.0000
/tv/tv_network/programs./tv/tv_network_duration/program,305,0.0000,0.0000
/tv/tv_personality/tv_regular_appearances./tv/tv_regular_personal_appearance/program,103,0.0000,0.0000
/tv/tv_producer/programs_produced./tv/tv_producer_term/producer_type,225,0.0000,0.0000
/tv/tv_producer/programs_produced./tv/tv_producer_term/program,416,0.0000,0.0000
/tv/tv_program/country_of_origin,268,0.0000,0.0000
/tv/tv_program/genre,1006,0.0000,0.0099
/tv/tv_program/languages,254,0.0000,0.0000
/tv/tv_program/program_creator,144,0.0000,0.0000
/tv/tv_program/regular_cast./tv/regular_tv_appearance/actor,1272,0.0000,0.0000
/tv/tv_program/tv_producer./tv/tv_producer_term/producer_type,121,0.0000,0.0000
/tv/tv_writer/tv_programs./tv/tv_program_writer_relationship/tv_program,271,0.0000,0.0000
/user/alexander/philosophy/philosopher/interests,100,0.0000,0.0000
/user/jg/default_domain/olympic_games/sports,581,0.0000,0.0000
/user/ktrueman/default_domain/international_organization/member_states,179,0.0000,0.1229
/user/tsegaran/random/taxonomy_subject/entry./user/tsegaran/random/taxonomy_entry/taxonomy,411,0.0000,0.0000
