job,model,config,variant,seed,storage,psnr,source_largest_term
compress,cp,400,transfer,2,53200,23.359,2.0054959050647394
compress,cp,400,fresh,2,80000,26.134,
predict,cp,150,transfer,2,19950,20.056,1.0620739475926295
predict,cp,150,fresh,2,30000,19.082,
compress,tucker,"(53, 80, 12, 3)",transfer,2,161849,22.888,
compress,tucker,"(53, 80, 12, 3)",fresh,2,162626,23.348,
predict,tucker,"(53, 80, 8, 3)",transfer,2,110969,20.178,
predict,tucker,"(53, 80, 8, 3)",fresh,2,111490,20.408,
predict,interpolate,,,2,0,21.064,
