model,rank,ranks,seed,storage,psnr
cp,25,,0,4875,19.906
cp,25,,1,4875,19.881
cp,25,,2,4875,19.898
cp,50,,0,9750,22.000
cp,50,,1,9750,22.009
cp,50,,2,9750,22.007
cp,100,,0,19500,24.500
cp,100,,1,19500,24.508
cp,100,,2,19500,24.521
cp,150,,0,29250,26.218
cp,150,,1,29250,26.246
cp,150,,2,29250,26.207
cp,200,,0,39000,27.632
cp,200,,1,39000,27.596
cp,200,,2,39000,27.603
cp,300,,0,58500,29.749
cp,300,,1,58500,29.755
cp,300,,2,58500,29.717
cp,400,,0,78000,31.542
cp,400,,1,78000,31.535
cp,400,,2,78000,31.504
cp,600,,0,117000,34.400
cp,600,,1,117000,34.413
cp,600,,2,117000,34.406
tucker,,8-8-4-1,0,1539,15.487
tucker,,8-8-4-2,0,1798,16.714
tucker,,8-8-4-3,0,2057,16.758
tucker,,8-8-8-1,0,2051,15.491
tucker,,8-8-8-2,0,2566,16.719
tucker,,8-8-8-3,0,3081,16.764
tucker,,8-8-12-1,0,2563,15.493
tucker,,8-8-12-2,0,3334,16.721
tucker,,8-8-12-3,0,4105,16.766
tucker,,8-8-16-1,0,3075,15.494
tucker,,8-8-16-2,0,4102,16.722
tucker,,8-8-16-3,0,5129,16.767
tucker,,8-8-24-1,0,4099,15.494
tucker,,8-8-24-2,0,5638,16.723
tucker,,8-8-24-3,0,7177,16.768
tucker,,8-8-32-1,0,5123,15.494
tucker,,8-8-32-2,0,7174,16.723
tucker,,8-8-32-3,0,9225,16.768
tucker,,8-8-48-1,0,7171,15.495
tucker,,8-8-48-2,0,10246,16.724
tucker,,8-8-48-3,0,13321,16.769
tucker,,8-8-64-1,0,9219,15.495
tucker,,8-8-64-2,0,13318,16.724
tucker,,8-8-64-3,0,17417,16.769
tucker,,16-16-4-1,0,3331,16.693
tucker,,16-16-4-2,0,4358,19.022
tucker,,16-16-4-3,0,5385,19.150
tucker,,16-16-8-1,0,4611,16.721
tucker,,16-16-8-2,0,6662,19.073
tucker,,16-16-8-3,0,8713,19.202
tucker,,16-16-12-1,0,5891,16.731
tucker,,16-16-12-2,0,8966,19.090
tucker,,16-16-12-3,0,12041,19.220
tucker,,16-16-16-1,0,7171,16.736
tucker,,16-16-16-2,0,11270,19.098
tucker,,16-16-16-3,0,15369,19.228
tucker,,16-16-24-1,0,9731,16.740
tucker,,16-16-24-2,0,15878,19.106
tucker,,16-16-24-3,0,22025,19.237
tucker,,16-16-32-1,0,12291,16.743
tucker,,16-16-32-2,0,20486,19.110
tucker,,16-16-32-3,0,28681,19.241
tucker,,16-16-48-1,0,17411,16.745
tucker,,16-16-48-2,0,29702,19.114
tucker,,16-16-48-3,0,41993,19.245
tucker,,16-16-64-1,0,22531,16.745
tucker,,16-16-64-2,0,38918,19.115
tucker,,16-16-64-3,0,55305,19.246
tucker,,24-24-4-1,0,5635,17.274
tucker,,24-24-4-2,0,7942,20.401
tucker,,24-24-4-3,0,10249,20.611
tucker,,24-24-8-1,0,8195,17.350
tucker,,24-24-8-2,0,12806,20.565
tucker,,24-24-8-3,0,17417,20.787
tucker,,24-24-12-1,0,10755,17.377
tucker,,24-24-12-2,0,17670,20.622
tucker,,24-24-12-3,0,24585,20.849
tucker,,24-24-16-1,0,13315,17.390
tucker,,24-24-16-2,0,22534,20.650
tucker,,24-24-16-3,0,31753,20.879
tucker,,24-24-24-1,0,18435,17.403
tucker,,24-24-24-2,0,32262,20.680
tucker,,24-24-24-3,0,46089,20.912
tucker,,24-24-32-1,0,23555,17.411
tucker,,24-24-32-2,0,41990,20.697
tucker,,24-24-32-3,0,60425,20.929
tucker,,24-24-48-1,0,33795,17.417
tucker,,24-24-48-2,0,61446,20.711
tucker,,24-24-48-3,0,89097,20.945
tucker,,24-24-64-1,0,44035,17.419
tucker,,24-24-64-2,0,80902,20.716
tucker,,24-24-64-3,0,117769,20.950
tucker,,32-32-4-1,0,8451,17.687
tucker,,32-32-4-2,0,12550,21.501
tucker,,32-32-4-3,0,16649,21.809
tucker,,32-32-8-1,0,12803,17.835
tucker,,32-32-8-2,0,20998,21.874
tucker,,32-32-8-3,0,29193,22.215
tucker,,32-32-12-1,0,17155,17.889
tucker,,32-32-12-2,0,29446,22.017
tucker,,32-32-12-3,0,41737,22.375
tucker,,32-32-16-1,0,21507,17.915
tucker,,32-32-16-2,0,37894,22.090
tucker,,32-32-16-3,0,54281,22.455
tucker,,32-32-24-1,0,30211,17.945
tucker,,32-32-24-2,0,54790,22.173
tucker,,32-32-24-3,0,79369,22.547
tucker,,32-32-32-1,0,38915,17.962
tucker,,32-32-32-2,0,71686,22.218
tucker,,32-32-32-3,0,104457,22.598
tucker,,32-32-48-1,0,56323,17.976
tucker,,32-32-48-2,0,105478,22.260
tucker,,32-32-48-3,0,154633,22.645
tucker,,32-32-64-1,0,73731,17.981
tucker,,32-32-64-2,0,139270,22.274
tucker,,32-32-64-3,0,204809,22.662
tucker,,40-40-4-1,0,11779,17.973
tucker,,40-40-4-2,0,18182,22.450
tucker,,40-40-4-3,0,24585,22.874
tucker,,40-40-8-1,0,18435,18.207
tucker,,40-40-8-2,0,31238,23.157
tucker,,40-40-8-3,0,44041,23.667
tucker,,40-40-12-1,0,25091,18.293
tucker,,40-40-12-2,0,44294,23.451
tucker,,40-40-12-3,0,63497,24.004
tucker,,40-40-16-1,0,31747,18.337
tucker,,40-40-16-2,0,57350,23.604
tucker,,40-40-16-3,0,82953,24.181
tucker,,40-40-24-1,0,45059,18.387
tucker,,40-40-24-2,0,83462,23.788
tucker,,40-40-24-3,0,121865,24.397
tucker,,40-40-32-1,0,58371,18.415
tucker,,40-40-32-2,0,109574,23.888
tucker,,40-40-32-3,0,160777,24.515
tucker,,40-40-48-1,0,84995,18.441
tucker,,40-40-48-2,0,161798,23.984
tucker,,40-40-48-3,0,238601,24.630
tucker,,40-40-64-1,0,111619,18.450
tucker,,40-40-64-2,0,214022,24.020
tucker,,40-40-64-3,0,316425,24.674
tucker,,48-48-4-1,0,15619,18.190
tucker,,48-48-4-2,0,24838,23.278
tucker,,48-48-4-3,0,34057,23.832
tucker,,48-48-8-1,0,25091,18.513
tucker,,48-48-8-2,0,43526,24.490
tucker,,48-48-8-3,0,61961,25.260
tucker,,48-48-12-1,0,34563,18.631
tucker,,48-48-12-2,0,62214,25.010
tucker,,48-48-12-3,0,89865,25.902
tucker,,48-48-16-1,0,44035,18.694
tucker,,48-48-16-2,0,80902,25.305
tucker,,48-48-16-3,0,117769,26.275
tucker,,48-48-24-1,0,62979,18.767
tucker,,48-48-24-2,0,118278,25.673
tucker,,48-48-24-3,0,173577,26.751
tucker,,48-48-32-1,0,81923,18.804
tucker,,48-48-32-2,0,155654,25.878
tucker,,48-48-32-3,0,229385,27.023
tucker,,48-48-48-1,0,119811,18.841
tucker,,48-48-48-2,0,230406,26.081
tucker,,48-48-48-3,0,341001,27.300
tucker,,48-48-64-1,0,157699,18.854
tucker,,48-48-64-2,0,305158,26.159
tucker,,48-48-64-3,0,452617,27.409
tucker,,56-56-4-1,0,19971,18.338
tucker,,56-56-4-2,0,32518,23.926
tucker,,56-56-4-3,0,45065,24.605
tucker,,56-56-8-1,0,32771,18.744
tucker,,56-56-8-2,0,57862,25.720
tucker,,56-56-8-3,0,82953,26.832
tucker,,56-56-12-1,0,45571,18.894
tucker,,56-56-12-2,0,83206,26.581
tucker,,56-56-12-3,0,120841,28.008
tucker,,56-56-16-1,0,58371,18.974
tucker,,56-56-16-2,0,108550,27.109
tucker,,56-56-16-3,0,158729,28.777
tucker,,56-56-24-1,0,83971,19.066
tucker,,56-56-24-2,0,159238,27.799
tucker,,56-56-24-3,0,234505,29.858
tucker,,56-56-32-1,0,109571,19.115
tucker,,56-56-32-2,0,209926,28.203
tucker,,56-56-32-3,0,310281,30.547
tucker,,56-56-48-1,0,160771,19.161
tucker,,56-56-48-2,0,311302,28.628
tucker,,56-56-48-3,0,461833,31.337
tucker,,56-56-64-1,0,211971,19.179
tucker,,56-56-64-2,0,412678,28.799
tucker,,56-56-64-3,0,613385,31.684
tucker,,64-64-4-1,0,24835,18.418
tucker,,64-64-4-2,0,41222,24.334
tucker,,64-64-4-3,0,57609,25.105
tucker,,64-64-8-1,0,41475,18.875
tucker,,64-64-8-2,0,74246,26.650
tucker,,64-64-8-3,0,107017,28.119
tucker,,64-64-12-1,0,58115,19.047
tucker,,64-64-12-2,0,107270,27.887
tucker,,64-64-12-3,0,156425,30.017
tucker,,64-64-16-1,0,74755,19.139
tucker,,64-64-16-2,0,140294,28.701
tucker,,64-64-16-3,0,205833,31.473
tucker,,64-64-24-1,0,108035,19.245
tucker,,64-64-24-2,0,206342,29.848
tucker,,64-64-24-3,0,304649,34.063
tucker,,64-64-32-1,0,141315,19.300
tucker,,64-64-32-2,0,272390,30.587
tucker,,64-64-32-3,0,403465,36.470
tucker,,64-64-48-1,0,207875,19.354
tucker,,64-64-48-2,0,404486,31.435
tucker,,64-64-48-3,0,601097,41.953
tucker,,64-64-64-1,0,274435,19.374
tucker,,64-64-64-2,0,536582,31.811
tucker,,64-64-64-3,0,798729,300.485
