model,rank,ranks,seed,storage,val_psnr,test_psnr
interpolate,,,1,0,27.198,27.064
cp,5,,1,975,15.134,15.160
cp,10,,1,1950,17.251,17.305
cp,20,,1,3900,19.156,19.101
cp,30,,1,5850,20.025,20.006
cp,40,,1,7800,20.728,20.693
cp,60,,1,11700,21.767,21.682
cp,80,,1,15600,22.376,22.328
cp,100,,1,19500,22.791,22.726
cp,150,,1,29250,23.298,23.276
cp,200,,1,39000,23.508,23.499
cp,300,,1,58500,22.895,22.927
cp,400,,1,78000,22.357,22.403
tucker,,8-8-4-1,1,1539,15.444,15.464
tucker,,8-8-4-2,1,1798,16.648,16.692
tucker,,8-8-4-3,1,2048,16.690,16.736
tucker,,8-8-8-1,1,2051,15.419,15.438
tucker,,8-8-8-2,1,2566,16.609,16.649
tucker,,8-8-8-3,1,3072,16.651,16.693
tucker,,8-8-16-1,1,3075,15.384,15.399
tucker,,8-8-16-2,1,4102,16.559,16.596
tucker,,8-8-16-3,1,5120,16.599,16.639
tucker,,8-8-32-1,1,5123,15.352,15.359
tucker,,8-8-32-2,1,7174,16.508,16.540
tucker,,8-8-32-3,1,9216,16.547,16.581
tucker,,8-8-48-1,1,7171,15.341,15.349
tucker,,8-8-48-2,1,10246,16.485,16.518
tucker,,8-8-48-3,1,13312,16.524,16.557
tucker,,16-16-4-1,1,3331,16.609,16.602
tucker,,16-16-4-2,1,4358,18.873,18.866
tucker,,16-16-4-3,1,5376,18.996,18.988
tucker,,16-16-8-1,1,4611,16.586,16.577
tucker,,16-16-8-2,1,6662,18.815,18.801
tucker,,16-16-8-3,1,8704,18.938,18.924
tucker,,16-16-16-1,1,7171,16.492,16.480
tucker,,16-16-16-2,1,11270,18.652,18.619
tucker,,16-16-16-3,1,15360,18.760,18.732
tucker,,16-16-32-1,1,12291,16.338,16.322
tucker,,16-16-32-2,1,20486,18.370,18.328
tucker,,16-16-32-3,1,28672,18.471,18.432
tucker,,16-16-48-1,1,17411,16.229,16.219
tucker,,16-16-48-2,1,29702,18.175,18.144
tucker,,16-16-48-3,1,41984,18.263,18.234
tucker,,24-24-4-1,1,5635,17.137,17.155
tucker,,24-24-4-2,1,7942,20.114,20.130
tucker,,24-24-4-3,1,10240,20.308,20.330
tucker,,24-24-8-1,1,8195,17.140,17.153
tucker,,24-24-8-2,1,12806,20.103,20.105
tucker,,24-24-8-3,1,17408,20.296,20.302
tucker,,24-24-16-1,1,13315,16.994,17.007
tucker,,24-24-16-2,1,22534,19.785,19.788
tucker,,24-24-16-3,1,31744,19.956,19.965
tucker,,24-24-32-1,1,23555,16.612,16.619
tucker,,24-24-32-2,1,41990,19.018,19.012
tucker,,24-24-32-3,1,60416,19.122,19.123
tucker,,24-24-48-1,1,33795,16.236,16.249
tucker,,24-24-48-2,1,61446,18.318,18.294
tucker,,24-24-48-3,1,89088,18.403,18.375
tucker,,32-32-4-1,1,8451,17.521,17.535
tucker,,32-32-4-2,1,12550,21.080,21.087
tucker,,32-32-4-3,1,16640,21.347,21.361
tucker,,32-32-8-1,1,12803,17.570,17.587
tucker,,32-32-8-2,1,20998,21.178,21.174
tucker,,32-32-8-3,1,29184,21.449,21.451
tucker,,32-32-16-1,1,21507,17.364,17.367
tucker,,32-32-16-2,1,37894,20.569,20.565
tucker,,32-32-16-3,1,54272,20.794,20.787
tucker,,32-32-32-1,1,38915,16.609,16.605
tucker,,32-32-32-2,1,71686,18.996,18.968
tucker,,32-32-32-3,1,104448,19.078,19.096
tucker,,32-32-48-1,1,56323,15.661,15.659
tucker,,32-32-48-2,1,105478,17.332,17.364
tucker,,32-32-48-3,1,154624,17.391,17.429
tucker,,48-48-4-1,1,15619,17.992,17.985
tucker,,48-48-4-2,1,24838,22.658,22.578
tucker,,48-48-4-3,1,34048,23.116,23.029
tucker,,48-48-8-1,1,25091,18.200,18.189
tucker,,48-48-8-2,1,43526,23.293,23.205
tucker,,48-48-8-3,1,61952,23.832,23.740
tucker,,48-48-16-1,1,44035,17.961,17.951
tucker,,48-48-16-2,1,80902,22.358,22.379
tucker,,48-48-16-3,1,117760,22.797,22.826
tucker,,48-48-32-1,1,81923,16.250,16.279
tucker,,48-48-32-2,1,155654,18.412,18.388
tucker,,48-48-32-3,1,229376,18.520,18.508
tucker,,48-48-48-1,1,119811,13.064,13.091
tucker,,48-48-48-2,1,230406,13.732,13.742
tucker,,48-48-48-3,1,340992,13.758,13.782
tucker,,56-56-4-1,1,19971,18.127,18.121
tucker,,56-56-4-2,1,32518,23.181,23.103
tucker,,56-56-4-3,1,45056,23.725,23.644
tucker,,56-56-8-1,1,32771,18.421,18.423
tucker,,56-56-8-2,1,57862,24.202,24.147
tucker,,56-56-8-3,1,82944,24.938,24.873
tucker,,56-56-16-1,1,58371,18.207,18.234
tucker,,56-56-16-2,1,108550,23.247,23.243
tucker,,56-56-16-3,1,158720,23.795,23.800
tucker,,56-56-32-1,1,109571,15.665,15.636
tucker,,56-56-32-2,1,209926,17.526,17.502
tucker,,56-56-32-3,1,310272,17.647,17.622
tucker,,56-56-48-1,1,160771,11.841,11.781
tucker,,56-56-48-2,1,311302,12.199,12.150
tucker,,56-56-48-3,1,461824,12.207,12.159
tucker,,64-64-4-1,1,16643,18.204,18.198
tucker,,64-64-4-2,1,33030,23.540,23.446
tucker,,64-64-4-3,1,49408,24.149,24.048
tucker,,64-64-8-1,1,33283,18.560,18.565
tucker,,64-64-8-2,1,66054,25.007,24.915
tucker,,64-64-8-3,1,98816,25.916,25.809
tucker,,64-64-16-1,1,66563,18.485,18.491
tucker,,64-64-16-2,1,132102,24.379,24.277
tucker,,64-64-16-3,1,197632,25.213,25.128
tucker,,64-64-32-1,1,133123,14.991,14.961
tucker,,64-64-32-2,1,264198,16.264,16.161
tucker,,64-64-32-3,1,395264,16.350,16.250
tucker,,64-64-48-1,1,199683,11.334,11.299
tucker,,64-64-48-2,1,396294,11.306,11.276
tucker,,64-64-48-3,1,592896,11.315,11.289
