kind,strength,seed,alive,error_to_data,error_to_truth
l1,1e-05,0,16,0.09946,0.00938
l1,1e-05,1,16,0.09946,0.00974
l1,1e-05,2,18,0.09942,0.01033
l1,1e-05,3,21,0.09940,0.00981
l1,1e-05,4,12,0.09950,0.00948
l1,3e-05,0,6,0.09964,0.00860
l1,3e-05,1,6,0.09966,0.00842
l1,3e-05,2,7,0.09962,0.00886
l1,3e-05,3,6,0.09966,0.00838
l1,3e-05,4,6,0.09963,0.00880
l1,0.0001,0,6,0.09972,0.00942
l1,0.0001,1,6,0.09974,0.00930
l1,0.0001,2,6,0.09971,0.00969
l1,0.0001,3,6,0.09975,0.00930
l1,0.0001,4,6,0.09971,0.00972
l1,0.0003,0,6,0.10044,0.01510
l1,0.0003,1,6,0.10050,0.01528
l1,0.0003,2,6,0.10043,0.01537
l1,0.0003,3,6,0.10056,0.01554
l1,0.0003,4,6,0.10042,0.01544
l1,0.001,0,6,0.10837,0.04321
l1,0.001,1,5,0.38190,0.36859
l1,0.001,2,5,0.33056,0.31530
l1,0.001,3,5,0.33092,0.31559
l1,0.001,4,5,0.35073,0.33621
l1,0.003,0,0,1.00526,1.00000
l1,0.003,1,0,1.00502,1.00000
l1,0.003,2,1,0.89338,0.88735
l1,0.003,3,0,1.00519,1.00000
l1,0.003,4,0,1.00465,1.00000
l1,0.01,0,0,1.00526,1.00000
l1,0.01,1,0,1.00502,1.00000
l1,0.01,2,0,1.00532,1.00000
l1,0.01,3,0,1.00519,1.00000
l1,0.01,4,0,1.00465,1.00000
