date,META,AAPL,AMZN,NFLX,GOOGL,NVDA,AZN
2022-09-01,165.360000,157.960000,127.820000,23.004000,109.740000,13.937000,118.060000
2022-09-02,160.320000,155.810000,127.510000,22.611000,107.850000,13.647000,126.590000
2022-09-06,158.540000,154.530000,126.110000,21.839000,106.810000,13.465000,117.010000
2022-09-07,160.390000,155.960000,129.480000,22.896000,109.450000,13.714000,113.760000
2022-09-08,162.060000,154.460000,129.820000,22.744000,108.380000,13.990000,118.960000
2022-09-09,169.150000,157.370000,133.270000,23.357000,110.650000,14.387000,122.710000
2022-09-12,168.960000,163.430000,136.450000,23.653000,110.860000,14.505000,118.910000
2022-09-13,153.130000,153.840000,126.820000,21.813000,104.320000,13.131000,117.460000
2022-09-14,151.470000,155.310000,128.550000,22.412000,105.000000,13.128000,116.370000
2022-09-15,149.550000,152.370000,126.280000,23.538000,102.910000,12.929000,112.810000
2022-09-16,146.290000,150.700000,123.530000,24.013000,102.800000,13.198000,113.000000
2022-09-19,148.020000,154.480000,124.660000,24.363000,103.070000,13.382000,110.960000
2022-09-20,146.090000,156.900000,122.190000,24.285000,101.140000,13.176000,110.510000
2022-09-21,142.120000,153.720000,118.540000,23.687000,99.280000,13.261000,114.155000
2022-09-22,142.820000,152.740000,117.310000,23.705000,100.140000,12.561000,111.600000
2022-09-23,140.410000,150.430000,113.780000,22.641000,98.740000,12.516000,108.350000
2022-09-26,136.370000,150.770000,115.150000,22.407000,98.170000,12.228000,104.500000
2022-09-27,134.400000,151.760000,114.410000,22.436000,97.500000,12.413000,106.500000
2022-09-28,141.610000,149.840000,118.010000,24.520000,100.050000,12.736000,108.260000
2022-09-29,136.410000,142.480000,114.800000,23.971000,97.420000,12.220000,109.000000
2022-09-30,135.680000,138.200000,113.000000,23.544000,95.650000,12.139000,107.100000
2022-10-03,138.610000,142.450000,115.880000,23.904000,98.640000,12.512000,111.250000
2022-10-04,140.280000,146.100000,121.090000,24.074000,101.640000,13.167000,113.000000
2022-10-05,138.980000,146.400000,120.950000,23.673000,101.430000,13.209000,112.140000
2022-10-06,139.070000,145.430000,120.300000,24.002000,101.420000,13.130000,109.120000
2022-10-07,133.450000,140.090000,114.560000,22.475000,98.680000,12.076000,109.500000
2022-10-10,133.790000,140.420000,113.670000,22.998000,97.860000,11.670000,110.600000
2022-10-11,128.540000,138.980000,112.210000,21.429000,97.180000,11.586000,109.160000
2022-10-12,127.500000,138.340000,112.900000,22.087000,97.560000,11.500000,109.100000
2022-10-13,130.290000,142.990000,112.530000,23.251000,99.060000,11.960000,107.600000
2022-10-14,126.760000,138.380000,106.900000,23.000000,96.560000,11.227000,111.350000
2022-10-17,134.040000,142.410000,113.790000,24.510000,99.970000,11.888000,114.300000
2022-10-18,132.800000,143.750000,116.360000,24.086000,100.770000,11.967000,109.880000
2022-10-19,133.230000,143.860000,115.070000,27.238000,99.630000,12.051000,108.250000
2022-10-20,131.530000,143.390000,115.250000,26.816000,99.970000,12.194000,109.880000
2022-10-21,130.010000,147.270000,119.320000,28.957000,101.130000,12.466000,109.900000
2022-10-24,129.720000,149.450000,119.820000,28.245000,102.520000,12.599000,108.960000
2022-10-25,137.510000,152.340000,120.600000,29.102000,104.480000,13.261000,111.199900
2022-10-26,129.820000,149.350000,115.660000,29.862000,94.930000,12.896000,114.475000
2022-10-27,97.940000,144.800000,110.960000,29.694000,92.220000,13.176000,115.350000
2022-10-28,99.200000,155.740000,103.410000,29.572000,96.290000,13.834000,114.400000
2022-10-31,93.160000,153.340000,102.440000,29.188000,94.510000,13.497000,116.440000
2022-11-01,95.200000,150.650000,96.790000,28.675000,90.470000,13.543000,118.100000
2022-11-02,90.540000,145.030000,92.120000,27.300000,86.970000,13.219000,120.000000
2022-11-03,88.910000,138.880000,89.300000,26.906000,83.430000,13.421000,120.950000
2022-11-04,90.790000,138.380000,90.980000,26.079000,86.580000,14.156000,119.940000
2022-11-07,96.720000,138.920000,90.530000,25.860000,88.490000,14.301000,120.220000
2022-11-08,96.470000,139.500000,89.980000,26.346000,88.900000,14.602000,121.240000
2022-11-09,101.470000,134.870000,86.140000,25.466000,87.320000,13.776000,120.500000
2022-11-10,111.870000,146.870000,96.630000,27.497000,93.940000,15.750000,127.280000
2022-11-11,113.020000,149.700000,100.790000,29.013000,96.410000,16.327000,123.850000
2022-11-14,114.220000,148.280000,98.490000,29.927000,95.700000,16.295000,126.440000
2022-11-15,117.080000,150.040000,98.940000,31.020000,98.440000,16.666000,125.940000
2022-11-16,113.230000,148.790000,97.120000,30.602000,98.850000,15.910000,126.200000
2022-11-17,111.450000,150.720000,94.850000,29.528000,98.360000,15.677000,126.459900
2022-11-18,112.050000,151.290000,94.140000,28.798000,97.430000,15.409000,127.900000
2022-11-21,109.860000,148.010000,92.460000,28.505000,95.600000,15.317000,129.759900
2022-11-22,111.440000,150.180000,93.200000,28.669000,97.050000,16.038000,130.125000
2022-11-23,112.240000,151.070000,94.130000,29.150000,98.460000,16.519000,130.560000
2022-11-25,111.410000,148.110000,93.410000,28.554000,97.460000,16.270000,133.250000
2022-11-28,108.780000,144.220000,93.950000,28.117000,96.050000,15.827000,133.900000
2022-11-29,109.460000,141.170000,92.420000,28.096000,95.190000,15.639000,131.310000
2022-11-30,118.100000,148.030000,96.540000,30.553000,100.990000,16.923000,132.100000
2022-12-01,120.440000,148.310000,95.500000,31.695000,100.990000,17.135000,138.250000
2022-12-02,123.490000,147.810000,94.130000,32.041000,100.440000,16.876000,137.000000
2022-12-05,122.430000,146.630000,91.010000,31.259000,99.480000,16.610000,136.750000
2022-12-06,114.120000,142.910000,88.250000,30.556000,96.980000,15.987000,136.750000
2022-12-07,113.930000,140.940000,88.460000,30.842000,94.940000,16.120000,136.000000
2022-12-08,115.330000,142.650000,90.350000,31.026000,93.710000,17.169000,139.040000
2022-12-09,115.900000,142.160000,89.090000,32.001000,92.830000,17.001000,139.450000
2022-12-12,114.710000,144.490000,90.550000,31.518000,93.310000,17.535000,138.550100
2022-12-13,120.150000,145.470000,92.490000,32.034000,95.630000,18.072000,139.500000
2022-12-14,121.590000,143.210000,91.580000,31.783000,95.070000,17.674000,139.759900
2022-12-15,116.150000,136.500000,88.450000,29.041000,90.860000,16.952000,137.979900
2022-12-16,119.430000,134.510000,87.860000,29.071000,90.260000,16.571000,135.099900
2022-12-19,114.480000,132.370000,84.920000,28.830000,88.440000,16.254000,136.520000
2022-12-20,117.090000,132.300000,85.190000,28.819000,89.020000,16.085000,133.639900
2022-12-21,119.760000,135.450000,86.770000,29.796000,89.580000,16.501000,134.650000
2022-12-22,117.120000,132.230000,83.790000,29.775000,87.760000,15.339000,134.419900
2022-12-23,118.040000,131.860000,85.250000,29.496500,89.230000,15.206000,136.400000
2022-12-27,116.880000,130.030000,83.040000,28.417000,87.390000,14.121000,136.660000
2022-12-28,115.620000,126.040000,81.820000,27.688000,86.020000,14.036000,136.000000
2022-12-29,120.260000,129.610000,84.180000,29.112000,88.450000,14.603000,135.109900
2022-12-30,120.340000,129.930000,84.000000,29.488000,88.230000,14.614000,136.220000
2023-01-03,124.740000,125.070000,85.820000,29.495000,89.120000,14.315000,136.440000
2023-01-04,127.370000,126.360000,85.140000,30.941000,88.080000,14.749000,138.039900
2023-01-05,126.940000,125.020000,83.120000,30.970000,86.200000,14.265000,140.960000
2023-01-06,130.020000,129.620000,86.080000,31.555000,87.340000,14.859000,140.260000
2023-01-09,129.470000,130.150000,87.360000,31.517000,88.020000,15.628000,140.250000
2023-01-10,132.990000,130.730000,89.870000,32.754000,88.420000,15.909000,143.960000
2023-01-11,132.890000,133.490000,95.090000,32.726000,91.520000,16.001000,140.949900
2023-01-12,136.710000,133.410000,95.270000,33.013000,91.130000,16.511000,138.660000
2023-01-13,136.980000,134.760000,98.120000,33.282000,92.120000,16.899000,143.400000
2023-01-17,135.360000,135.940000,96.050000,32.622000,91.290000,17.702000,143.625000
2023-01-18,133.020000,135.210000,95.460000,32.633000,91.120000,17.377000,141.199900
2023-01-19,136.150000,135.270000,93.680000,31.578000,93.050000,16.765000,140.009900
2023-01-20,139.370000,137.870000,97.250000,34.250000,98.020000,17.839000,136.460000
2023-01-23,143.270000,141.110000,97.520000,35.742000,99.790000,19.193000,133.680000
2023-01-24,143.140000,142.530000,96.320000,36.383000,97.700000,19.265000,129.500000
2023-01-25,141.500000,141.860000,97.180000,36.796000,95.220000,19.323000,131.720000
2023-01-26,147.300000,143.960000,99.220000,36.487000,97.520000,19.802000,130.650000
2023-01-27,151.740000,145.930000,102.240000,36.077000,99.370000,20.365000,129.819900
2023-01-30,147.060000,143.000000,100.550000,35.311000,96.940000,19.162000,129.360000
2023-01-31,148.970000,144.290000,103.130000,35.386000,98.840000,19.537000,128.000000
2023-02-01,153.120000,145.430000,105.150000,36.199000,100.430000,20.943000,127.800000
2023-02-02,188.770000,150.820000,112.910000,36.689000,107.740000,21.709000,127.080000
2023-02-03,186.530000,154.500000,103.390000,36.590000,104.780000,21.100000,128.400000
2023-02-06,186.060000,151.730000,102.180000,36.148000,102.900000,21.089000,125.920000
2023-02-07,191.620000,154.650000,102.110000,36.295000,107.640000,22.173000,128.700000
2023-02-08,183.430000,151.920000,100.050000,36.683000,99.370000,22.205000,128.010000
2023-02-09,177.920000,150.870000,98.240000,36.250000,95.010000,22.337000,136.250000
2023-02-10,174.150000,151.010000,97.610000,34.736000,94.570000,21.265000,139.280000
2023-02-13,179.430000,153.850000,99.540000,35.857000,94.610000,21.788000,139.280000
2023-02-14,179.480000,153.200000,99.700000,35.996000,94.680000,22.971000,137.250000
2023-02-15,177.160000,155.330000,101.160000,36.142000,96.940000,22.764000,140.780000
2023-02-16,172.440000,153.710000,98.150000,35.071000,95.510000,22.002000,137.940000
2023-02-17,172.880000,152.550000,97.200000,34.796000,94.350000,21.388000,136.400000
2023-02-21,172.080000,148.480000,94.580000,33.750000,91.790000,20.655000,140.520000
2023-02-22,171.120000,148.910000,95.790000,33.488000,91.650000,20.754000,140.040000
2023-02-23,172.040000,149.400000,95.820000,32.365000,90.890000,23.664000,134.740000
2023-02-24,170.390000,146.710000,93.500000,31.715000,89.130000,23.286000,133.830000
2023-02-27,169.540000,147.920000,93.760000,32.303000,89.870000,23.501000,135.320000
2023-02-28,174.940000,147.410000,94.230000,32.213000,90.060000,23.216000,129.220000
2023-03-01,173.420000,145.310000,92.170000,31.348000,90.360000,22.698000,128.600000
2023-03-02,174.530000,145.910000,92.130000,31.188000,92.000000,23.314000,131.560000
2023-03-03,185.250000,151.030000,94.900000,31.518000,93.650000,23.890000,130.000000
2023-03-06,184.900000,153.830000,93.750000,31.203000,95.130000,23.554000,130.200000
2023-03-07,184.510000,151.600000,93.550000,30.847000,93.860000,23.288000,128.900000
2023-03-08,184.970000,152.870000,93.920000,31.179000,94.250000,24.181000,127.630000
2023-03-09,181.690000,150.590000,92.250000,29.778000,92.320000,23.436000,127.349900
2023-03-10,179.510000,148.500000,90.730000,29.276000,90.630000,22.965000,129.840000
2023-03-13,180.900000,150.470000,92.430000,29.351000,91.110000,22.966000,129.250000
2023-03-14,194.020000,152.590000,94.880000,29.494000,93.970000,24.063000,131.240000
2023-03-15,197.750000,152.990000,96.200000,30.379000,96.110000,24.228000,127.840000
2023-03-16,204.930000,155.850000,100.040000,31.006000,100.320000,25.541000,130.060000
2023-03-17,195.610000,155.000000,98.950000,30.350000,101.620000,25.725000,130.555000
2023-03-20,197.810000,157.400000,97.710000,30.513000,101.220000,25.900000,133.120000
2023-03-21,202.160000,159.280000,100.610000,30.579000,104.920000,26.199000,134.740000
2023-03-22,199.810000,157.830000,98.700000,29.390000,103.370000,26.468000,135.560000
2023-03-23,204.280000,158.930000,98.710000,32.037000,105.600000,27.191000,133.780000
2023-03-24,206.010000,160.250000,98.130000,32.839000,105.440000,26.779000,136.700000
2023-03-27,202.840000,158.280000,98.040000,32.766000,102.460000,26.531000,137.342500
2023-03-28,200.680000,157.650000,97.240000,32.352000,101.030000,26.410000,138.680000
2023-03-29,205.350000,160.770000,100.250000,33.203000,101.390000,26.984000,136.300000
2023-03-30,207.840000,162.360000,102.000000,33.843000,100.890000,27.383000,139.300000
2023-03-31,211.940000,164.900000,103.290000,34.548000,103.730000,27.777000,140.160000
2023-04-03,213.070000,166.170000,102.410000,34.828000,104.360000,27.965000,137.500000
2023-04-04,214.720000,165.630000,103.950000,34.675000,104.720000,27.453000,141.450000
2023-04-05,211.480000,163.760000,101.100000,34.235000,104.470000,26.881000,142.849900
2023-04-06,216.100000,164.660000,102.060000,33.933000,108.420000,27.037000,142.849900
2023-04-10,214.750000,162.030000,102.170000,33.899000,106.440000,27.579000,144.760000
2023-04-11,213.850000,160.800000,99.920000,33.821000,105.350000,27.169000,142.750000
2023-04-12,214.000000,160.100000,97.830000,33.103000,104.640000,26.495000,147.250000
2023-04-13,220.350000,165.560000,102.400000,34.619000,107.430000,26.463000,149.650000
2023-04-14,221.490000,165.210000,102.510000,33.863000,108.870000,26.758000,146.080000
2023-04-17,218.860000,165.230000,102.740000,33.272000,105.970000,27.002000,146.780000
2023-04-18,217.890000,166.470000,102.300000,33.370000,104.500000,27.667000,148.880000
2023-04-19,215.700000,167.630000,104.300000,32.312000,104.180000,27.931000,147.780000
2023-04-20,213.070000,166.650000,103.810000,32.535000,105.290000,27.104000,147.609900
2023-04-21,212.890000,165.020000,106.960000,32.798000,105.410000,27.119000,151.740000
2023-04-24,212.790000,165.330000,106.210000,32.902000,105.970000,27.042000,153.100000
2023-04-25,207.550000,163.770000,102.570000,32.255000,103.850000,26.241000,151.000000
2023-04-26,209.400000,163.760000,104.980000,32.115000,103.710000,26.956000,147.150000
2023-04-27,238.560000,168.410000,109.820000,32.585000,107.590000,27.226000,146.000000
2023-04-28,240.320000,169.680000,105.450000,32.993000,107.340000,27.749000,146.550000
2023-05-01,243.180000,169.590000,102.050000,32.412000,107.200000,28.910000,146.310000
2023-05-02,239.240000,168.540000,103.630000,31.755000,105.320000,28.210000,146.150000
2023-05-03,237.030000,167.450000,103.650000,31.930000,105.410000,27.802000,151.300000
2023-05-04,233.520000,165.790000,104.000000,32.078000,104.690000,27.562000,150.500000
2023-05-05,232.780000,173.570000,105.655000,32.276000,105.570000,28.680000,148.500000
2023-05-08,233.270000,173.500000,105.830000,33.121000,107.770000,29.151000,147.050100
2023-05-09,233.370000,171.770000,106.620000,33.214000,107.350000,28.571000,149.099900
2023-05-10,233.080000,173.555000,110.190000,33.542000,111.750000,28.885000,151.000000
2023-05-11,235.790000,173.750000,112.180000,34.476000,116.570000,28.578000,150.640000
2023-05-12,233.810000,172.570000,110.260000,33.989000,117.510000,28.340000,145.800100
2023-05-15,238.860000,172.070000,111.200000,33.589000,116.510000,28.953000,149.449900
2023-05-16,238.820000,172.070000,113.400000,33.375000,119.510000,29.213000,151.200000
2023-05-17,242.485000,172.690000,115.500000,33.996000,120.840000,30.178000,147.200000
2023-05-18,246.850000,175.050000,118.150000,37.129000,122.830000,31.678000,146.440000
2023-05-19,245.640000,175.160000,116.250000,36.536000,122.760000,31.264000,150.960000
2023-05-22,248.320000,174.200000,115.010000,36.301000,125.050000,31.176000,147.900000
2023-05-23,246.740000,171.560000,114.990000,35.599000,122.560000,30.688000,147.940000
2023-05-24,249.210000,171.840000,116.750000,36.485000,120.900000,30.538000,143.750000
2023-05-25,252.690000,172.990000,115.000000,35.900000,123.480000,37.980000,145.260000
2023-05-26,262.040000,175.430000,120.110000,37.888000,124.610000,38.946000,144.550000
2023-05-30,262.520000,177.300000,121.660000,39.298000,123.670000,40.111000,141.139900
2023-05-31,264.720000,177.250000,120.580000,39.523000,122.870000,37.834000,146.080000
2023-06-01,272.610000,180.090000,122.770000,40.313000,123.720000,39.770000,147.700000
2023-06-02,272.610000,180.950000,124.250000,40.047000,124.670000,39.327000,147.120000
2023-06-05,271.390000,179.580000,125.300000,40.354000,126.010000,39.171000,145.187500
2023-06-06,271.120000,179.210000,126.610000,39.929000,127.310000,38.654000,145.450000
2023-06-07,263.600000,177.820000,121.230000,39.977000,122.500000,37.475000,146.900000
2023-06-08,264.580000,180.570000,124.250000,40.937000,122.140000,38.510000,144.500000
2023-06-09,264.950000,180.960000,123.430000,42.002000,122.230000,38.770000,149.300000
2023-06-12,271.050000,183.790000,126.570000,42.397000,123.640000,39.482000,148.860000
2023-06-13,271.320000,183.310000,126.660000,43.573000,123.830000,41.022000,149.500000
2023-06-14,273.350000,183.950000,126.420000,44.086000,123.670000,42.997000,146.875000
2023-06-15,281.830000,186.010000,127.110000,44.527000,125.090000,42.653000,149.250000
2023-06-16,281.000000,184.920000,125.490000,43.196000,123.530000,42.692000,149.510000
2023-06-20,284.330000,185.010000,125.780000,43.470000,123.100000,43.808000,149.250000
2023-06-21,281.640000,183.960000,124.830000,42.445000,120.550000,43.045000,148.660000
2023-06-22,284.880000,187.000000,130.150000,42.248000,123.150000,43.025000,146.680000
2023-06-23,288.730000,186.680000,129.330000,42.402000,122.340000,42.209000,146.150000
2023-06-26,278.470000,185.270000,127.330000,41.594000,118.340000,40.632000,142.750000
2023-06-27,287.050000,188.060000,129.180000,41.708000,118.330000,41.876000,142.750000
2023-06-28,285.290000,189.250000,129.040000,42.984000,120.180000,41.117000,140.400000
2023-06-29,281.530000,189.590000,127.900000,42.824000,119.100000,40.822000,142.910000
2023-06-30,286.980000,193.970000,130.360000,44.049000,119.700000,42.302000,143.900000
2023-07-03,286.020000,192.460000,130.220000,44.144000,119.900000,42.413000,133.235000
2023-07-05,294.370000,191.330000,130.380000,44.590000,121.750000,42.317000,134.000000
2023-07-06,291.990000,191.810000,128.360000,43.884000,120.110000,42.103000,132.440000
2023-07-07,290.530000,190.680000,129.780000,43.810000,119.480000,42.503000,127.750000
2023-07-10,294.100000,188.610000,127.130000,44.171000,116.450000,42.180000,131.250000
2023-07-11,298.290000,188.080000,128.780000,44.021000,117.140000,42.405000,131.250000
2023-07-12,309.340000,189.770000,130.800000,44.405000,118.930000,43.902000,134.320000
2023-07-13,313.410000,190.540000,134.300000,45.038000,124.540000,45.977000,133.599900
2023-07-14,308.870000,190.690000,134.680000,44.191000,125.420000,45.469000,138.620000
2023-07-17,310.620000,193.990000,133.560000,45.005000,124.650000,46.461000,135.780000
2023-07-18,312.050000,193.730000,132.830000,47.480000,123.760000,47.494000,134.450000
2023-07-19,316.010000,195.100000,135.360000,47.759000,122.030000,47.077000,137.060000
2023-07-20,302.520000,193.130000,129.960000,43.742000,119.200000,45.520000,138.000000
2023-07-21,294.260000,191.940000,130.000000,42.750000,120.020000,44.309000,136.919900
2023-07-24,291.610000,192.750000,128.800000,42.837000,121.530000,44.612000,139.280000
2023-07-25,294.470000,193.620000,129.130000,42.770000,122.210000,45.679000,137.099900
2023-07-26,298.570000,194.500000,128.150000,42.267000,129.270000,45.452000,140.500000
2023-07-27,311.710000,193.220000,128.250000,41.317000,129.400000,45.900000,140.450000
2023-07-28,325.480000,195.830000,132.210000,42.578000,132.580000,46.750000,140.840000
2023-07-31,318.600000,196.450000,133.680000,43.897000,132.720000,46.729000,144.820000
2023-08-01,322.710000,195.605000,131.690000,43.862000,131.550000,46.507000,142.850000
2023-08-02,314.310000,192.580000,128.210000,42.970000,128.380000,44.269000,139.125000
2023-08-03,313.190000,191.170000,128.910000,43.100000,128.450000,44.515000,139.010000
2023-08-04,310.730000,181.990000,139.570000,43.160000,128.110000,44.680000,140.240000
2023-08-07,316.560000,178.850000,142.220000,44.076000,131.530000,45.416500,141.280000
2023-08-08,312.640000,179.800000,139.940000,43.830000,131.400000,44.664000,141.350000
2023-08-09,305.210000,178.190000,137.850000,42.890000,129.660000,42.554000,141.350000
2023-08-10,305.740000,177.970000,138.560000,42.998000,129.690000,42.388000,137.950000
2023-08-11,301.640000,177.790000,138.410000,42.166000,129.560000,40.855000,141.520000
2023-08-14,306.190000,179.460000,140.570000,42.778000,131.330000,43.753000,143.200000
2023-08-15,301.950000,177.450000,137.670000,42.370000,129.780000,43.940000,137.560000
2023-08-16,294.290000,176.570000,135.070000,41.545000,128.700000,43.486000,137.560000
2023-08-17,285.090000,174.000000,133.980000,40.300000,129.920000,43.343500,137.474900
2023-08-18,283.250000,174.490000,133.220000,40.453000,127.460000,43.299000,136.030000
2023-08-21,289.900000,175.840000,134.680000,40.829000,128.370000,46.967000,136.950000
2023-08-22,287.600000,177.230000,134.250000,41.317000,129.080000,45.668000,135.800000
2023-08-23,294.240000,181.120000,135.520000,42.755000,132.370000,47.116000,139.350000
2023-08-24,286.750000,176.380000,131.840000,40.693000,129.780000,47.163000,136.000000
2023-08-25,285.500000,178.610000,133.260000,41.603000,129.880000,46.018000,135.971000
2023-08-28,290.260000,180.190000,133.140000,41.806000,131.010000,46.835000,136.640000
2023-08-29,297.990000,184.120000,134.910000,42.999000,134.570000,48.784000,139.100000
2023-08-30,295.100000,187.650000,135.070000,43.467000,135.880000,49.264000,136.725000
2023-08-31,295.890000,187.870000,138.010000,43.368000,136.170000,49.355000,134.039900
2023-09-01,296.380000,189.460000,138.120000,43.988000,135.660000,48.509000,136.000000
2023-09-05,300.150000,189.700000,137.270000,44.868000,135.770000,48.548000,133.900000
2023-09-06,299.170000,182.910000,135.360000,44.576000,134.460000,47.061000,133.900000
2023-09-07,298.670000,177.560000,137.850000,44.314000,135.260000,46.241000,134.680000
2023-09-08,297.890000,178.180000,138.230000,44.280000,136.380000,45.572000,135.700000
2023-09-11,307.560000,179.360000,143.100000,44.536000,136.920000,45.178000,135.700000
2023-09-12,301.660000,176.300000,141.230000,43.469000,135.340000,44.870000,132.225000
2023-09-13,305.060000,174.210000,144.850000,41.224000,136.710000,45.485000,130.080000
2023-09-14,311.720000,175.740000,144.720000,40.049000,138.100000,45.581000,133.000000
2023-09-15,300.310000,175.010000,140.390000,39.694000,137.400000,43.900000,138.280000
2023-09-18,302.550000,177.970000,139.980000,39.440000,138.210000,43.966000,131.454900
2023-09-19,305.070000,179.070000,137.630000,39.620000,138.040000,43.520000,130.675000
2023-09-20,299.670000,175.490000,135.290000,38.630000,133.740000,42.239000,136.340000
2023-09-21,295.730000,173.930000,129.330000,38.415000,130.440000,41.017000,133.950000
2023-09-22,299.080000,174.790000,129.120000,37.981000,130.250000,41.610000,137.930000
2023-09-25,300.830000,176.080000,131.270000,38.480000,131.110000,42.222000,136.990000
2023-09-26,298.960000,171.960000,125.980000,37.925000,128.565000,41.911000,134.949900
2023-09-27,297.740000,170.430000,125.980000,37.759000,130.540000,42.468000,133.160000
2023-09-28,303.960000,170.690000,125.980000,37.636000,132.310000,43.089000,136.150000
2023-09-29,300.210000,171.210000,127.120000,37.760000,130.860000,43.499000,135.050000
2023-10-02,306.820000,173.750000,129.460000,38.033000,134.170000,44.782000,133.100000
2023-10-03,300.940000,172.400000,124.720000,37.675000,132.430000,43.517000,132.930000
2023-10-04,305.580000,173.660000,127.000000,37.690000,135.240000,44.041000,134.150000
2023-10-05,304.790000,174.910000,125.960000,37.259000,135.070000,44.688000,134.900000
2023-10-06,315.430000,177.490000,127.960000,38.151000,137.580000,45.762000,133.479900
2023-10-09,318.360000,178.990000,128.260000,38.595000,138.420000,45.273000,134.140000
2023-10-10,321.840000,178.390000,129.480000,37.332000,138.060000,45.798000,134.380000
2023-10-11,327.820000,179.800000,131.830000,36.593000,140.550000,46.806000,133.972000
2023-10-12,324.160000,180.710000,132.330000,36.120000,138.970000,46.945000,135.500000
2023-10-13,314.690000,178.850000,129.790000,35.568000,137.360000,45.461000,135.500000
2023-10-16,321.150000,178.720000,132.550000,36.082000,139.095000,46.095000,134.160000
2023-10-17,324.000000,177.150000,131.470000,35.572000,139.720000,43.938000,137.050000
2023-10-18,316.970000,175.840000,128.130000,34.619000,137.960000,42.196000,130.890000
2023-10-19,312.810000,175.460000,128.400000,40.177000,137.750000,42.101000,127.580000
2023-10-20,308.650000,172.880000,125.170000,40.096000,135.600000,41.387000,127.860000
2023-10-23,314.010000,173.000000,126.560000,40.684000,136.500000,42.975000,123.750000
2023-10-24,312.550000,173.440000,128.560000,41.373000,138.810000,43.663000,127.150000
2023-10-25,299.530000,171.100000,121.390000,41.125000,125.610000,41.779000,126.445000
2023-10-26,288.350000,166.890000,119.570000,40.354000,122.280000,40.326000,125.275000
2023-10-27,296.730000,168.220000,127.740000,39.787000,122.170000,40.500000,121.450000
2023-10-30,302.660000,170.290000,132.710000,41.008000,124.460000,41.161000,123.975000
2023-10-31,301.270000,170.770000,133.090000,41.169000,124.080000,40.780000,122.759900
2023-11-01,311.850000,173.970000,137.000000,42.019000,126.450000,42.325000,128.580000
2023-11-02,310.870000,177.570000,138.070000,42.471000,127.490000,43.506000,126.819900
2023-11-03,314.600000,176.650000,138.600000,43.236000,129.100000,45.005000,126.300000
2023-11-06,315.800000,179.230000,139.740000,43.474000,130.250000,45.751000,126.819900
2023-11-07,318.820000,181.820000,142.710000,43.461000,130.970000,45.955000,125.250000
2023-11-08,319.780000,182.890000,142.080000,43.665000,131.840000,46.574000,125.080000
2023-11-09,320.550000,182.410000,140.600000,43.515000,130.240000,46.950000,126.870000
2023-11-10,328.770000,186.400000,143.560000,44.724000,132.590000,48.335000,124.285000
2023-11-13,329.190000,184.800000,142.590000,44.462000,132.090000,48.620000,124.750000
2023-11-14,336.310000,187.440000,145.800000,44.865000,133.620000,49.656000,125.800000
2023-11-15,332.710000,188.010000,143.200000,46.194000,134.620000,48.888000,125.160000
2023-11-16,334.190000,189.710000,142.830000,46.695000,136.930000,49.480000,125.150000
2023-11-17,335.040000,189.690000,145.180000,46.591000,135.310000,49.298000,128.000000
2023-11-20,339.970000,191.450000,146.130000,47.447000,136.250000,50.409000,126.140000
2023-11-21,336.980000,190.640000,143.900000,47.495000,136.970000,49.944000,125.642000
2023-11-22,341.490000,191.310000,146.710000,47.800000,138.490000,48.716000,126.540000
2023-11-24,338.230000,189.970000,146.740000,47.956000,136.690000,47.776000,128.550000
2023-11-27,334.700000,189.790000,147.730000,47.917000,136.410000,48.242000,128.760000
2023-11-28,338.990000,190.400000,147.030000,47.900000,137.200000,47.821000,124.959900
2023-11-29,332.200000,189.370000,146.320000,47.719000,134.990000,48.140000,126.819900
2023-11-30,327.150000,189.950000,146.090000,47.397000,132.530000,46.770000,128.500000
2023-12-01,324.820000,191.240000,147.030000,46.574000,131.860000,46.765000,125.000000
2023-12-04,320.020000,189.430000,144.840000,45.390000,129.270000,45.510000,128.520000
2023-12-05,318.290000,193.420000,146.880000,45.515000,130.990000,46.566000,125.750000
2023-12-06,317.450000,192.320000,144.520000,44.673000,130.020000,45.503000,125.500000
2023-12-07,326.590000,194.270000,146.880000,45.200000,136.930000,46.596000,125.400000
2023-12-08,332.750000,195.710000,147.420000,45.376000,134.990000,47.506000,125.060000
2023-12-11,325.280000,193.180000,145.890000,45.989000,133.290000,46.627000,125.200000
2023-12-12,334.220000,194.710000,147.480000,46.300000,132.520000,47.657000,126.480000
2023-12-13,334.740000,197.960000,148.840000,47.998000,132.570000,48.088000,129.259900
2023-12-14,333.170000,198.110000,147.420000,46.983000,131.940000,48.350000,132.495000
2023-12-15,334.920000,197.570000,149.970000,47.206000,132.600000,48.890000,131.280000
2023-12-18,344.620000,195.890000,154.070000,48.612000,135.800000,50.077000,128.000000
2023-12-19,350.360000,196.940000,153.790000,49.502000,136.650000,49.604000,132.880000
2023-12-20,349.280000,194.830000,152.120000,48.927000,138.340000,48.111000,131.125000
2023-12-21,354.090000,194.680000,153.840000,49.161000,140.420000,48.990000,130.500000
2023-12-22,353.390000,193.600000,153.420000,48.676000,141.490000,48.830000,130.900000
2023-12-26,354.830000,193.050000,153.410000,49.119000,141.520000,49.279000,134.400000
2023-12-27,357.830000,193.150000,153.340000,49.179000,140.370000,49.417000,133.099900
2023-12-28,358.320000,193.580000,153.380000,49.051000,140.230000,49.522000,136.320000
2023-12-29,353.960000,192.530000,151.940000,48.688000,139.690000,49.522000,134.450000
2024-01-02,346.290000,185.640000,149.930000,46.850000,138.170000,48.168000,132.812300
2024-01-03,344.470000,184.250000,148.470000,47.026000,138.920000,47.569000,138.460000
2024-01-04,347.120000,181.910000,144.570000,47.467000,136.390000,47.998000,137.050000
2024-01-05,351.950000,181.180000,145.240000,47.406000,135.730000,49.097000,135.660000
2024-01-08,358.660000,185.560000,149.100000,48.503000,138.840000,52.253000,139.500000
2024-01-09,357.430000,185.140000,151.370000,48.209000,140.950000,53.140000,139.560000
2024-01-10,370.470000,186.190000,153.730000,47.833000,142.280000,54.350000,137.224900
2024-01-11,369.670000,185.590000,155.180000,49.223000,142.080000,54.822000,137.020000
2024-01-12,374.490000,185.920000,154.620000,49.216000,142.650000,54.710000,139.760000
2024-01-16,367.460000,183.630000,153.160000,48.124000,142.490000,56.382000,132.960000
2024-01-17,368.370000,182.680000,151.710000,48.033000,141.470000,56.053000,134.000000
2024-01-18,376.130000,188.630000,153.500000,48.531000,143.480000,57.107000,132.250000
2024-01-19,383.450000,191.560000,155.340000,48.295000,146.380000,59.491000,131.800000
2024-01-22,381.780000,193.890000,154.780000,48.571000,145.990000,59.654000,136.280000
2024-01-23,385.200000,195.180000,156.020000,49.219000,147.040000,59.873000,134.900000
2024-01-24,390.700000,194.500000,156.870000,54.487000,148.700000,61.362000,131.919900
2024-01-25,393.180000,194.170000,157.750000,56.200000,151.870000,61.617000,132.039900
2024-01-26,394.140000,192.420000,159.120000,57.042000,152.185000,61.031000,131.750000
2024-01-29,401.020000,191.730000,161.260000,57.579000,153.510000,62.465000,132.479900
2024-01-30,400.060000,188.040000,159.000000,56.285000,151.460000,62.774000,131.250000
2024-01-31,390.140000,184.400000,155.200000,56.411000,140.100000,61.527000,132.400000
2024-02-01,394.780000,186.860000,159.280000,56.751000,141.160000,63.027000,132.120000
2024-02-02,474.990000,185.850000,171.810000,56.464000,142.380000,66.160000,131.900000
2024-02-05,459.410000,187.680000,170.310000,56.206000,143.680000,69.332000,128.040000
2024-02-06,454.720000,189.300000,169.150000,55.588000,144.100000,68.223000,133.840000
2024-02-07,469.590000,189.410000,170.530000,55.930000,145.540000,70.099000,133.340000
2024-02-08,470.000000,188.320000,169.840000,55.853000,145.910000,69.641000,125.000000
2024-02-09,468.110000,188.850000,174.450000,56.132000,149.000000,72.133000,123.500000
2024-02-12,468.900000,187.150000,172.340000,55.785000,147.530000,72.248000,120.664900
2024-02-13,460.120000,185.040000,168.640000,55.452000,145.140000,72.128000,123.500000
2024-02-14,473.280000,184.150000,170.980000,57.933000,145.940000,73.900000,121.800000
2024-02-15,484.030000,183.860000,169.800000,59.346000,142.770000,72.658000,124.000000
2024-02-16,473.320000,182.310000,169.510000,58.395000,140.520000,72.613000,127.380000
2024-02-20,471.750000,181.560000,167.080000,57.513000,141.120000,69.452000,128.500000
2024-02-21,468.030000,182.320000,168.590000,57.335000,142.550000,67.472000,127.000000
2024-02-22,486.130000,184.370000,174.580000,58.847000,144.090000,78.538000,126.468400
2024-02-23,484.030000,182.520000,174.990000,58.356000,143.960000,78.817000,129.150000
2024-02-26,481.740000,181.160000,174.730000,58.765000,137.570000,79.092000,129.990000
2024-02-27,487.050000,182.630000,173.540000,60.167000,138.880000,78.701000,131.000000
2024-02-28,484.020000,181.420000,173.160000,59.648000,136.380000,77.663000,131.000000
2024-02-29,490.130000,180.750000,176.760000,60.292000,138.460000,79.112000,126.625000
2024-03-01,502.300000,179.660000,178.220000,61.934000,137.140000,82.279000,130.000000
2024-03-04,498.190000,175.100000,177.580000,61.583000,133.350000,85.237000,129.650000
2024-03-05,490.220000,170.120000,174.120000,59.850000,132.670000,85.964000,126.000000
2024-03-06,496.090000,169.120000,173.510000,59.769000,131.400000,88.700000,128.900000
2024-03-07,512.190000,169.000000,176.820000,60.851000,134.380000,92.669000,129.250000
2024-03-08,505.950000,170.730000,175.350000,60.482000,135.410000,87.528000,131.125000
2024-03-11,483.590000,172.750000,171.960000,60.093000,137.670000,85.774000,133.375000
2024-03-12,499.750000,173.230000,175.390000,61.108000,138.500000,91.913000,133.319900
2024-03-13,495.570000,171.130000,176.555000,60.945000,139.790000,90.888000,136.400000
2024-03-14,491.830000,173.000000,178.750000,61.301000,143.100000,87.944000,134.125000
2024-03-15,484.100000,172.620000,174.420000,60.588000,141.180000,87.836500,131.419900
2024-03-18,496.980000,173.720000,174.480000,61.839000,147.680000,88.455000,130.910000
2024-03-19,496.240000,176.080000,175.900000,62.074000,147.030000,89.398000,129.940000
2024-03-20,505.520000,178.670000,178.150000,62.769000,148.740000,90.372000,130.990000
2024-03-21,507.760000,171.370000,178.150000,62.271000,147.600000,91.435000,131.000000
2024-03-22,509.580000,172.280000,178.870000,62.801000,150.770000,94.289000,132.370000
2024-03-25,503.020000,170.850000,179.710000,62.746000,150.070000,95.002000,133.220000
2024-03-26,495.890000,169.710000,178.300000,62.924000,150.670000,92.561000,130.550000
2024-03-27,493.860000,173.310000,179.830000,61.353000,150.870000,90.250000,134.704900
2024-03-28,485.580000,171.480000,180.380000,60.733000,150.930000,90.356000,136.960000
2024-04-01,491.350000,170.030000,180.970000,61.431000,155.490000,90.363000,135.800000
2024-04-02,497.370000,168.840000,180.690000,61.421000,154.560000,89.452000,131.660000
2024-04-03,506.740000,169.650000,182.410000,63.008000,154.920000,88.964000,131.764900
2024-04-04,510.920000,168.820000,180.000000,61.714000,150.530000,85.905000,137.350000
2024-04-05,527.340000,169.580000,185.070000,63.618000,152.500000,88.008000,133.220000
2024-04-08,519.250000,168.450000,185.190000,62.841000,154.850000,87.133000,136.640000
2024-04-09,516.900000,169.670000,185.670000,61.820000,156.600000,85.354000,134.759900
2024-04-10,519.830000,167.780000,185.950000,61.858000,156.140000,87.039000,136.250000
2024-04-11,523.160000,175.040000,189.050000,62.878000,159.410000,90.616000,136.500000
2024-04-12,511.900000,176.550000,186.130000,62.283000,157.730000,88.186000,138.880000
2024-04-15,500.230000,172.690000,183.620000,60.715000,154.860000,86.001000,135.940000
2024-04-16,499.760000,169.380000,183.320000,61.752000,154.400000,87.415000,135.305000
2024-04-17,494.170000,168.000000,181.280000,61.369000,155.470000,84.035000,140.150000
2024-04-18,501.800000,167.040000,179.220000,61.056000,156.010000,84.671000,138.240000
2024-04-19,481.070000,165.000000,174.630000,55.504000,154.090000,76.200000,136.200000
2024-04-22,481.730000,165.840000,177.230000,55.460000,156.280000,79.518000,138.730000
2024-04-23,496.100000,166.900000,179.540000,57.775000,158.260000,82.423000,140.300000
2024-04-24,493.500000,169.020000,176.590000,55.512000,159.130000,79.677000,135.350000
2024-04-25,441.380000,169.890000,173.670000,56.480000,156.000000,82.632000,146.054900
2024-04-26,443.290000,169.300000,179.620000,56.123000,171.950000,87.735000,145.100000
2024-04-29,432.620000,173.500000,180.960000,55.949000,166.150000,87.757000,146.250000
2024-04-30,430.170000,170.330000,175.000000,55.064000,162.780000,86.402000,151.000000
2024-05-01,439.190000,169.300000,179.000000,55.171000,163.860000,83.041000,151.024000
2024-05-02,441.680000,173.030000,184.720000,56.515000,166.620000,85.817000,153.480000
2024-05-03,451.960000,183.380000,186.210000,57.934000,167.240000,88.789000,149.245000
2024-05-06,465.680000,181.710000,188.700000,59.697000,168.100000,92.140000,148.230000
2024-05-07,468.240000,182.400000,188.760000,60.600000,171.250000,90.554000,146.650000
2024-05-08,472.600000,182.740000,188.000000,60.947000,169.380000,90.412000,152.400000
2024-05-09,475.420000,184.570000,189.500000,61.209000,169.960000,88.747000,152.330000
2024-05-10,476.200000,183.050000,187.480000,61.087000,168.650000,89.878000,156.007300
2024-05-13,468.010000,186.280000,186.570000,61.659000,169.140000,90.399000,155.840000
2024-05-14,471.850000,187.430000,187.070000,61.366000,170.340000,91.356000,152.879900
2024-05-15,481.540000,189.720000,185.990000,61.352000,172.510000,94.630000,153.000000
2024-05-16,473.230000,189.840000,183.630000,61.052000,174.180000,94.359000,155.720000
2024-05-17,471.910000,189.870000,184.700000,62.110000,176.060000,92.479000,155.260000
2024-05-20,468.840000,191.040000,183.540000,64.082000,176.920000,94.780000,154.610000
2024-05-21,464.630000,192.350000,183.150000,65.061000,177.850000,95.386000,159.060000
2024-05-22,467.780000,190.900000,183.130000,64.047000,176.380000,94.950000,158.740000
2024-05-23,465.780000,186.880000,181.050000,63.567000,173.550000,103.799000,159.360000
2024-05-24,478.220000,189.980000,180.750000,64.675000,174.990000,106.469000,159.120000
2024-05-28,479.920000,189.990000,182.150000,64.900000,176.400000,113.901000,158.500000
2024-05-29,474.360000,190.290000,182.020000,65.462000,175.900000,114.825000,146.200000
2024-05-30,467.050000,191.290000,179.320000,64.766000,172.110000,110.500000,146.200000
2024-05-31,466.830000,192.250000,176.440000,64.162000,172.500000,109.633000,153.780000
2024-06-03,477.490000,194.030000,178.340000,63.379000,173.170000,115.000000,158.430000
2024-06-04,476.990000,194.350000,179.340000,63.162000,173.790000,116.437000,156.350000
2024-06-05,495.060000,195.870000,181.280000,65.027000,175.410000,122.440000,160.100000
2024-06-06,493.760000,194.480000,185.000000,64.852000,176.730000,120.998000,159.960000
2024-06-07,492.960000,196.890000,184.300000,64.147000,174.460000,120.888000,159.960000
2024-06-10,502.600000,193.120000,187.060000,64.450000,175.010000,121.790000,159.379900
2024-06-11,507.470000,207.150000,187.230000,64.855000,176.620000,120.910000,161.000000
2024-06-12,508.840000,213.070000,186.890000,65.006000,177.790000,125.200000,160.450000
2024-06-13,504.100000,214.240000,183.830000,65.326000,175.160000,129.610000,160.450000
2024-06-14,504.160000,212.490000,183.660000,66.938000,176.790000,131.880000,160.420000
2024-06-17,506.630000,216.670000,184.060000,67.583000,177.240000,130.980000,160.420000
2024-06-18,499.490000,214.290000,182.810000,68.567000,175.090000,135.580000,158.800000
2024-06-20,501.700000,209.680000,186.100000,67.903000,176.300000,130.780000,152.000000
2024-06-21,494.780000,207.490000,189.080000,68.612000,179.630000,126.570000,152.000000
2024-06-24,498.910000,208.140000,185.570000,66.902000,179.220000,118.110000,152.110000
2024-06-25,510.600000,209.070000,186.340000,67.241000,184.030000,126.090000,157.879900
2024-06-26,513.120000,213.250000,193.610000,67.769000,183.880000,126.400000,157.879900
2024-06-27,519.560000,214.100000,197.850000,68.434000,185.410000,123.990000,158.640000
2024-06-28,504.220000,210.620000,193.250000,67.488000,182.150000,123.540000,156.267500
2024-07-01,504.680000,216.750000,197.200000,67.361000,182.990000,124.300000,157.500000
2024-07-02,509.500000,220.270000,200.000000,67.958000,185.240000,122.670000,154.720000
2024-07-03,509.960000,221.550000,197.590000,68.251000,185.820000,128.280000,147.150000
2024-07-05,539.910000,226.340000,200.000000,69.065000,190.600000,125.830000,148.700000
2024-07-08,529.320000,227.820000,199.290000,68.574000,189.030000,128.200000,157.000000
2024-07-09,530.000000,228.680000,199.340000,68.574000,188.980000,131.380000,154.350000
2024-07-10,534.690000,232.980000,199.790000,67.765000,191.180000,134.910000,153.860000
2024-07-11,512.700000,227.570000,195.050000,65.275000,185.570000,127.400000,153.410000
2024-07-12,498.870000,230.540000,194.490000,64.760000,185.070000,129.240000,153.410000
2024-07-15,496.160000,234.400000,192.720000,65.645000,186.530000,128.440000,156.139900
2024-07-16,489.790000,234.820000,193.020000,65.632000,183.920000,126.360000,156.180000
2024-07-17,461.990000,228.880000,187.930000,64.746000,181.020000,117.990000,156.180000
2024-07-18,475.850000,224.180000,183.750000,64.304000,177.690000,121.090000,154.330300
2024-07-19,476.790000,224.310000,183.130000,63.334000,177.660000,117.930000,154.300000
2024-07-22,487.400000,223.960000,182.550000,64.750000,181.670000,123.540000,157.850000
2024-07-23,488.690000,225.010000,186.410000,64.276000,181.790000,122.590000,159.850000
2024-07-24,461.270000,218.540000,180.830000,63.599000,172.630000,114.250000,157.250000
2024-07-25,453.410000,217.490000,179.850000,63.409000,167.280000,112.280000,155.480000
2024-07-26,465.700000,217.960000,182.500000,63.137000,167.000000,113.060000,159.465000
2024-07-29,465.710000,218.240000,183.200000,62.696000,169.530000,111.590000,156.280000
2024-07-30,463.190000,218.800000,181.710000,62.258000,170.290000,103.730000,156.280000
2024-07-31,474.830000,222.080000,186.980000,62.835000,171.540000,117.020000,156.350000
2024-08-01,497.740000,218.360000,184.070000,62.485000,170.760000,109.210000,160.600000
2024-08-02,488.140000,219.860000,167.900000,61.364000,166.660000,107.270000,164.020000
2024-08-05,475.730000,209.270000,161.020000,59.855000,159.250000,100.450000,156.880000
2024-08-06,494.090000,207.230000,161.930000,60.957000,158.290000,104.250000,152.950000
2024-08-07,488.920000,209.820000,162.770000,61.148000,158.940000,98.910000,159.759900
2024-08-08,509.630000,213.310000,165.800000,63.035000,162.030000,104.970000,165.600000
2024-08-09,517.770000,216.240000,166.940000,63.394000,163.670000,104.750000,165.600000
2024-08-12,515.950000,217.530000,166.800000,63.314000,162.290000,109.020000,160.709900
2024-08-13,528.540000,221.270000,170.230000,64.802000,164.160000,116.140000,163.560000
2024-08-14,526.760000,221.720000,170.100000,66.168000,160.370000,118.080000,166.000000
2024-08-15,537.330000,224.720000,177.590000,66.322000,161.300000,122.860000,167.000000
2024-08-16,527.420000,226.050000,177.060000,67.407000,162.960000,124.580000,169.900000
2024-08-19,529.280000,225.890000,178.220000,68.853000,166.670000,130.000000,164.413000
2024-08-20,526.730000,226.510000,178.880000,69.854000,167.180000,127.250000,169.250000
2024-08-21,535.160000,226.400000,180.110000,69.712000,165.850000,128.500000,169.250000
2024-08-22,531.930000,224.530000,176.130000,68.896000,163.800000,123.740000,169.500000
2024-08-23,528.000000,226.840000,177.040000,68.673000,165.620000,129.370000,169.550000
2024-08-26,521.120000,227.180000,175.500000,68.844000,166.160000,126.460000,174.900000
2024-08-27,519.100000,228.030000,173.120000,69.572000,164.680000,128.300000,171.000000
2024-08-28,516.780000,226.490000,170.800000,68.384000,162.850000,125.610000,173.625000
2024-08-29,518.220000,229.790000,172.120000,69.248000,161.780000,117.590000,172.019900
2024-08-30,521.310000,229.000000,178.500000,70.135000,163.380000,119.370000,175.000000
2024-09-03,511.760000,222.770000,176.250000,67.532000,157.360000,108.000000,172.800000
2024-09-04,512.740000,220.850000,173.330000,67.968000,156.450000,106.210000,169.780000
2024-09-05,516.860000,222.380000,177.890000,68.362000,157.240000,107.210000,164.760000
2024-09-06,500.270000,220.820000,171.390000,66.577000,150.920000,102.830000,168.975000
2024-09-09,504.790000,220.910000,175.400000,67.542000,148.710000,106.470000,160.080000
2024-09-10,504.790000,220.110000,179.550000,67.362000,148.660000,108.100000,160.240000
2024-09-11,511.830000,222.660000,184.520000,68.147000,151.160000,116.910000,160.240000
2024-09-12,525.600000,222.770000,187.000000,68.680000,154.690000,119.140000,156.379900
2024-09-13,524.620000,222.500000,186.490000,69.706000,157.460000,119.100000,158.140000
2024-09-16,533.280000,216.320000,184.890000,69.650000,158.060000,116.780000,157.000000
2024-09-17,536.315000,216.790000,186.880000,70.691000,159.320000,115.590000,157.801600
2024-09-18,537.950000,220.690000,186.430000,69.047000,159.810000,113.370000,163.970000
2024-09-19,559.100000,228.870000,189.870000,70.432000,162.140000,117.870000,157.732700
2024-09-20,561.350000,228.200000,191.600000,70.103000,163.590000,116.000000,155.139900
2024-09-23,564.410000,226.470000,193.880000,70.537000,161.850000,116.260000,155.139900
2024-09-24,563.330000,227.370000,193.960000,72.226000,162.290000,120.870000,149.340000
2024-09-25,568.310000,226.370000,192.530000,72.156000,161.490000,123.510000,153.300000
2024-09-26,567.840000,227.520000,191.160000,71.143000,162.730000,124.040000,153.300000
2024-09-27,567.360000,227.790000,187.970000,70.735000,163.950000,121.400000,154.460000
2024-09-30,572.440000,233.000000,186.330000,70.927000,165.850000,121.440000,154.460000
2024-10-01,576.470000,226.210000,185.130000,70.613000,166.990000,117.000000,155.520000
2024-10-02,572.810000,226.780000,184.760000,71.109000,165.860000,118.850000,158.940000
2024-10-03,582.770000,225.670000,181.960000,70.680000,165.860000,122.850000,152.800000
2024-10-04,595.940000,226.800000,186.510000,71.970000,167.060000,124.920000,152.660000
2024-10-07,584.780000,221.690000,180.800000,70.192000,162.980000,127.720000,155.720000
2024-10-08,592.890000,225.770000,182.720000,72.176000,164.380000,132.890000,148.650000
2024-10-09,590.510000,229.540000,185.170000,72.743000,161.860000,132.650000,148.650000
2024-10-10,583.830000,229.040000,186.650000,73.029000,162.080000,134.810000,147.370000
2024-10-11,589.950000,227.550000,188.820000,72.279000,163.240000,134.800000,147.370000
2024-10-14,590.420000,231.300000,187.540000,71.300000,164.960000,138.070000,147.370000
2024-10-15,586.270000,233.850000,187.690000,70.598000,165.460000,131.600000,153.699900
2024-10-16,576.790000,231.780000,186.890000,70.200000,165.160000,135.720000,153.699900
2024-10-17,576.930000,232.150000,187.530000,68.765000,162.930000,136.930000,154.520000
2024-10-18,576.470000,235.000000,188.990000,76.389000,163.420000,138.000000,157.880000
2024-10-21,575.160000,236.480000,189.070000,77.207000,164.070000,143.710000,154.636000
2024-10-22,582.010000,235.860000,189.700000,76.424000,165.140000,143.590000,156.400000
2024-10-23,563.690000,230.760000,184.710000,74.929000,162.780000,139.560000,152.335000
2024-10-24,567.780000,230.570000,186.380000,75.455000,162.720000,140.410000,151.700000
2024-10-25,573.250000,231.410000,187.830000,75.468000,165.270000,141.540000,148.600000
2024-10-28,578.160000,233.400000,188.390000,74.912000,166.720000,140.520000,148.600000
2024-10-29,593.280000,233.670000,190.830000,75.944000,169.680000,141.250000,149.650000
2024-10-30,591.800000,230.100000,192.730000,75.374000,174.460000,139.335000,149.500000
2024-10-31,567.580000,225.910000,186.400000,75.603000,171.110000,132.760000,141.900000
2024-11-01,567.160000,222.910000,197.930000,75.610000,171.290000,135.400000,142.850000
2024-11-04,560.680000,222.010000,195.780000,75.551000,169.240000,136.050000,142.432700
2024-11-05,572.430000,223.450000,199.500000,76.391000,169.740000,139.910000,131.039900
2024-11-06,572.050000,222.720000,207.090000,78.021000,176.510000,145.610000,126.539900
2024-11-07,591.700000,227.480000,210.050000,79.654000,180.750000,148.880000,126.555000
2024-11-08,589.340000,226.960000,208.180000,79.504000,178.350000,147.630000,127.740000
2024-11-11,583.170000,224.230000,206.840000,80.544000,180.350000,145.260000,126.800000
2024-11-12,584.820000,224.230000,208.910000,81.950000,181.620000,148.290000,128.414900
2024-11-13,580.000000,225.120000,214.100000,83.047000,178.880000,146.270000,129.199900
2024-11-14,577.160000,228.220000,211.480000,83.726000,175.580000,146.760000,130.240000
2024-11-15,554.080000,225.000000,202.610000,82.396000,172.490000,141.980000,127.960000
2024-11-18,554.400000,228.020000,201.700000,84.705000,175.300000,140.150000,125.460000
2024-11-19,561.090000,228.280000,204.610000,87.132000,178.120000,147.010000,126.020000
2024-11-20,565.520000,229.000000,202.880000,88.385000,175.980000,145.890000,124.700000
2024-11-21,563.090000,228.520000,198.380000,89.748000,167.630000,146.670000,126.060000
2024-11-22,559.140000,229.870000,197.120000,89.779000,164.760000,141.950000,133.930000
2024-11-25,565.110000,232.870000,201.450000,86.559000,167.650000,136.020000,131.474900
2024-11-26,573.540000,235.060000,207.860000,87.260000,169.120000,136.920000,131.360000
2024-11-27,569.200000,234.930000,205.740000,87.734000,169.230000,135.340000,134.700000
2024-11-29,574.320000,237.330000,207.890000,88.681000,168.950000,138.250000,136.500000
2024-12-02,592.830000,239.590000,210.710000,89.774000,171.490000,138.630000,135.620000
2024-12-03,613.650000,242.650000,213.440000,90.217000,171.340000,140.260000,134.599900
2024-12-04,613.780000,243.010000,218.160000,91.106000,174.370000,145.140000,130.350000
2024-12-05,608.930000,243.040000,220.550000,91.787000,172.640000,145.060000,133.520000
2024-12-06,623.770000,242.840000,227.030000,93.474000,174.710000,142.440000,134.860000
2024-12-09,613.570000,246.750000,226.090000,91.369000,175.370000,138.810000,136.259900
2024-12-10,619.320000,247.770000,225.040000,91.335000,185.170000,135.070000,134.099900
2024-12-11,632.680000,246.490000,230.260000,93.656000,195.400000,139.310000,138.100000
2024-12-12,630.790000,247.960000,228.970000,92.555000,191.960000,137.340000,132.419900
2024-12-13,620.350000,248.130000,227.460000,91.887000,189.820000,134.250000,131.740000
2024-12-16,624.240000,251.040000,232.930000,92.108000,196.660000,132.000000,131.699900
2024-12-17,619.440000,253.480000,231.150000,91.913000,195.420000,130.390000,133.400000
2024-12-18,597.190000,248.050000,220.520000,88.955000,188.400000,128.910000,129.575200
2024-12-19,595.570000,249.790000,223.290000,90.204000,188.510000,130.680000,127.960000
2024-12-20,585.250000,254.490000,224.920000,90.905000,191.410000,134.700000,132.650000
2024-12-23,599.850000,255.270000,225.060000,91.145000,194.630000,139.670000,130.920000
2024-12-24,607.750000,258.200000,229.050000,93.212000,196.110000,140.220000,131.120000
2024-12-26,603.350000,259.020000,227.050000,92.414000,195.600000,139.930000,134.660000
2024-12-27,599.810000,255.590000,223.750000,90.755000,192.760000,137.010000,132.000000
2024-12-30,591.240000,252.200000,221.300000,90.043000,191.240000,137.490000,130.190000
2024-12-31,585.510000,250.420000,219.390000,89.132000,189.300000,134.290000,130.000000
2025-01-02,599.240000,243.850000,220.220000,88.673000,189.430000,138.310000,133.920000
2025-01-03,604.630000,243.360000,224.190000,88.105000,191.790000,144.470000,131.250000
2025-01-06,630.200000,245.000000,227.610000,88.179000,196.870000,149.430000,130.380000
2025-01-07,617.890000,242.210000,222.110000,87.919000,195.490000,140.140000,131.880000
2025-01-08,610.720000,242.700000,222.130000,87.500000,193.950000,140.110000,132.660000
2025-01-10,615.860000,236.850000,218.940000,83.769000,192.040000,135.910000,135.500000
2025-01-13,608.330000,234.400000,218.460000,84.029000,191.010000,133.230000,131.274300
2025-01-14,594.250000,233.280000,217.760000,82.840000,189.660000,131.760000,132.520000
2025-01-15,617.120000,237.870000,223.350000,84.826000,195.550000,136.240000,129.759900
2025-01-16,611.300000,228.260000,220.660000,84.237000,192.910000,133.570000,132.130000
2025-01-17,612.770000,229.980000,225.940000,85.810000,196.000000,137.710000,134.980000
2025-01-21,616.460000,222.640000,230.710000,86.968000,198.050000,140.830000,135.790000
2025-01-22,623.500000,223.830000,235.010000,95.399000,198.370000,147.070000,138.060000
2025-01-23,636.450000,223.660000,235.420000,98.486000,197.980000,147.220000,135.539900
2025-01-24,647.490000,222.780000,234.850000,97.759000,200.210000,142.620000,137.946000
2025-01-27,659.880000,229.860000,235.420000,97.189000,191.810000,118.420000,138.920000
2025-01-28,674.330000,238.260000,238.150000,97.183000,195.300000,128.990000,137.210000
2025-01-29,676.490000,239.360000,237.070000,97.815000,195.410000,123.700000,139.319900
2025-01-30,687.000000,237.590000,234.640000,97.324000,200.870000,124.650000,141.039900
2025-01-31,689.180000,236.000000,237.680000,97.676000,204.020000,120.070000,140.720000
2025-02-03,697.460000,228.010000,237.420000,97.894000,201.230000,116.660000,141.900000
2025-02-04,704.190000,232.800000,242.060000,99.487000,206.380000,118.650000,139.540000
2025-02-05,704.870000,232.470000,236.170000,101.111000,191.330000,124.830000,134.670000
2025-02-06,711.990000,233.220000,238.830000,101.568000,191.600000,128.680000,151.500000
2025-02-07,714.520000,227.630000,229.150000,101.393000,185.340000,129.840000,142.849900
2025-02-10,717.400000,227.650000,233.140000,102.760000,186.470000,133.570000,149.160000
2025-02-11,719.800000,232.620000,232.760000,100.808000,185.320000,132.800000,142.077000
2025-02-12,725.380000,236.870000,228.930000,102.731000,183.610000,131.140000,146.430000
2025-02-13,728.560000,241.530000,230.370000,104.369000,186.140000,135.290000,148.935000
2025-02-14,736.670000,244.600000,228.680000,105.860000,185.230000,138.850000,148.710000
2025-02-18,716.370000,244.470000,226.650000,103.585000,183.770000,139.400000,147.944900
2025-02-19,703.770000,244.870000,226.630000,104.333000,185.270000,139.230000,144.829900
2025-02-20,694.840000,245.830000,222.880000,102.454000,184.560000,140.110000,145.475000
2025-02-21,683.550000,245.550000,216.580000,100.315000,179.660000,134.430000,142.400000
2025-02-24,668.130000,247.100000,212.710000,98.847000,179.250000,130.280000,148.010000
2025-02-25,657.500000,247.040000,212.800000,97.724000,175.420000,126.630000,151.210000
2025-02-26,673.700000,240.360000,214.350000,99.006000,172.730000,131.280000,155.650000
2025-02-27,658.240000,237.300000,208.740000,96.307000,168.500000,120.150000,150.460000
2025-02-28,668.200000,241.840000,212.280000,98.056000,170.280000,124.920000,150.460000
2025-03-03,655.050000,238.030000,205.020000,97.370000,167.010000,114.060000,151.160000
2025-03-04,640.000000,235.930000,203.800000,97.258000,170.920000,115.990000,153.160000
2025-03-05,656.470000,235.740000,208.360000,99.092000,173.020000,117.300000,157.580000
2025-03-06,627.930000,235.330000,200.700000,90.636000,172.350000,110.570000,149.250000
2025-03-07,625.660000,239.070000,199.250000,89.111000,173.860000,112.690000,149.250000
2025-03-10,597.990000,227.480000,194.540000,86.668000,165.870000,106.980000,154.220000
2025-03-11,605.710000,220.840000,196.590000,89.510000,164.040000,108.760000,154.220000
2025-03-12,619.560000,216.980000,198.890000,91.968000,167.110000,115.740000,149.400000
2025-03-13,590.640000,209.680000,193.890000,89.017000,162.760000,115.580000,154.460000
2025-03-14,607.600000,213.490000,197.950000,91.800000,165.490000,121.670000,153.560000
2025-03-17,604.900000,214.000000,195.740000,95.002000,164.290000,119.530000,154.980000
2025-03-18,582.360000,212.690000,192.820000,92.998000,160.670000,115.430000,153.210000
2025-03-19,584.060000,215.240000,195.540000,95.949000,163.890000,117.520000,154.200000
2025-03-20,586.000000,214.100000,194.950000,95.084000,162.800000,118.530000,154.640000
2025-03-21,596.250000,218.270000,196.210000,96.029000,163.990000,117.700000,153.420000
2025-03-24,618.850000,220.730000,203.260000,97.199000,167.680000,121.410000,143.413500
2025-03-25,626.310000,223.750000,205.710000,99.728000,170.560000,120.690000,147.550000
2025-03-26,610.980000,221.530000,201.130000,97.065000,165.060000,113.760000,143.400000
2025-03-27,602.580000,223.850000,201.360000,97.672000,162.240000,111.430000,140.100000
2025-03-28,576.740000,217.900000,192.720000,93.385000,154.330000,109.670000,147.470000
2025-03-31,576.360000,222.130000,190.260000,93.253000,154.640000,108.380000,147.360000
2025-04-01,586.000000,223.190000,192.170000,92.838000,157.070000,110.150000,148.120000
2025-04-02,583.930000,223.890000,196.010000,93.552000,157.040000,110.420000,147.375000
2025-04-03,531.620000,203.190000,178.410000,91.705000,150.720000,101.800000,150.840000
2025-04-04,504.730000,188.380000,171.000000,85.586000,145.600000,94.310000,136.639900
2025-04-07,516.250000,181.460000,175.260000,86.783000,146.750000,97.640000,129.914900
2025-04-08,510.450000,172.420000,170.660000,87.040000,144.700000,96.300000,132.400000
2025-04-09,585.770000,198.850000,191.100000,94.547000,158.710000,114.330000,129.160000
2025-04-10,546.290000,190.420000,181.220000,92.117000,152.820000,107.570000,128.910000
2025-04-11,543.570000,198.150000,184.870000,91.829000,157.140000,110.930000,132.680000
2025-04-14,531.480000,202.520000,182.120000,93.128000,159.070000,110.710000,131.310000
2025-04-15,521.520000,202.140000,179.590000,97.628000,156.310000,112.200000,134.220000
2025-04-16,502.310000,194.270000,174.330000,96.163000,153.330000,104.490000,134.080000
2025-04-17,501.480000,196.980000,172.610000,97.303000,151.160000,101.490000,139.800000
2025-04-21,484.660000,193.160000,167.320000,98.791000,147.670000,96.910000,132.380000
2025-04-22,500.280000,199.740000,173.180000,104.034000,151.470000,98.890000,129.150000
2025-04-23,520.270000,204.600000,180.600000,104.959000,155.350000,102.710000,135.750000
2025-04-24,533.150000,208.370000,186.540000,109.687000,159.280000,106.430000,137.240000
2025-04-25,547.270000,209.280000,188.990000,110.153000,161.960000,111.010000,134.750000
2025-04-28,549.740000,210.140000,187.700000,111.038000,160.610000,108.730000,138.759900
2025-04-29,554.440000,211.210000,187.390000,112.564000,160.160000,109.020000,144.940000
2025-04-30,549.000000,212.500000,184.420000,113.172000,158.800000,108.920000,145.640000
2025-05-01,572.210000,213.320000,190.200000,113.347000,161.300000,111.610000,140.630000
2025-05-02,597.020000,205.350000,189.980000,115.649000,164.030000,114.500000,146.740000
2025-05-05,599.270000,198.890000,186.350000,113.406000,164.210000,113.820000,145.960000
2025-05-06,587.310000,198.510000,185.010000,113.769000,163.230000,113.540000,138.940000
2025-05-07,596.810000,196.250000,188.710000,115.541000,151.380000,117.060000,138.660000
2025-05-08,598.010000,197.490000,192.080000,114.443000,154.280000,117.370000,134.099900
2025-05-09,592.490000,198.530000,193.060000,114.022000,152.750000,116.650000,135.220000
2025-05-12,639.430000,210.790000,208.640000,111.000000,158.460000,123.000000,135.360000
2025-05-13,656.030000,212.930000,211.370000,113.844000,159.530000,129.930000,135.360000
2025-05-14,659.360000,212.330000,210.250000,115.099000,165.370000,135.340000,135.360000
2025-05-15,643.880000,211.450000,205.170000,117.798000,163.960000,134.830000,135.880000
2025-05-16,640.340000,211.260000,205.590000,119.153000,166.190000,135.400000,134.460000
2025-05-19,640.430000,208.780000,206.160000,119.164000,166.540000,135.570000,141.000000
2025-05-20,637.100000,206.860000,204.070000,119.202000,163.980000,134.380000,138.680000
2025-05-21,635.500000,202.090000,201.120000,119.463000,168.560000,131.800000,138.240000
2025-05-22,636.570000,201.360000,203.100000,118.797000,170.870000,132.830000,141.120000
2025-05-23,627.060000,195.270000,200.990000,118.539000,168.470000,131.290000,143.250000
2025-05-27,642.320000,200.210000,206.020000,121.157000,172.900000,135.500000,143.975000
2025-05-28,643.580000,200.420000,204.720000,120.855000,172.360000,134.810000,143.975000
2025-05-29,645.050000,199.950000,205.700000,118.486000,171.860000,139.190000,143.100000
2025-05-30,647.490000,200.850000,205.010000,120.723000,171.740000,135.130000,141.500000
2025-06-02,670.900000,201.700000,206.650000,121.898000,169.030000,137.380000,142.500000
2025-06-03,666.850000,203.270000,205.710000,121.794000,166.180000,141.220000,142.480000
2025-06-04,687.950000,202.820000,207.230000,123.966000,168.050000,141.920000,145.625000
2025-06-05,684.620000,200.630000,207.910000,125.052000,168.210000,139.990000,142.750000
2025-06-06,697.710000,203.920000,213.570000,124.147500,173.680000,141.720000,144.319900
2025-06-09,694.060000,201.450000,216.980000,122.446000,176.090000,142.630000,146.520000
2025-06-10,702.400000,202.670000,217.610000,120.362000,178.600000,143.960000,146.625000
2025-06-11,694.140000,198.780000,213.200000,121.988000,177.350000,142.830000,148.215000
2025-06-12,693.360000,199.200000,213.240000,121.503000,175.700000,145.000000,150.104900
2025-06-13,682.870000,196.450000,212.100000,121.215000,174.670000,141.970000,148.039900
2025-06-16,702.120000,198.420000,216.100000,122.535000,176.770000,144.690000,148.350000
2025-06-17,697.230000,195.640000,214.820000,122.067000,175.950000,144.120000,140.970000
2025-06-18,695.770000,196.580000,212.520000,122.229000,173.320000,145.480000,143.600000
2025-06-20,682.350000,201.000000,209.690000,123.141000,166.640000,143.850000,139.690100
2025-06-23,698.530000,201.500000,208.470000,125.354000,165.190000,144.170000,142.010000
2025-06-24,712.200000,200.300000,212.770000,127.911000,166.770000,147.900000,142.010000
2025-06-25,708.680000,201.560000,211.990000,127.525000,170.680000,154.310000,146.200000
2025-06-26,726.090000,201.000000,217.120000,130.667000,173.540000,155.020000,139.925000
2025-06-27,733.630000,201.080000,223.300000,132.312000,178.530000,157.750000,138.180000
2025-06-30,738.090000,205.170000,219.390000,133.913000,176.230000,157.990000,138.180000
2025-07-01,719.220000,207.820000,220.460000,129.360000,175.840000,153.300000,139.710000
2025-07-02,713.570000,212.440000,219.920000,128.486000,178.640000,157.250000,143.880000
2025-07-03,719.010000,213.550000,223.410000,129.718000,179.530000,159.340000,140.685000
2025-07-07,718.350000,209.950000,223.470000,128.962000,176.790000,158.240000,142.630000
2025-07-08,720.670000,210.010000,219.360000,127.531000,174.360000,160.000000,140.150000
2025-07-09,732.780000,211.140000,222.540000,128.828000,176.620000,162.880000,141.400000
2025-07-10,727.240000,212.410000,222.260000,125.059000,177.620000,164.100000,141.400000
2025-07-11,717.510000,211.160000,225.020000,124.511000,180.190000,164.920000,140.259900
2025-07-14,720.920000,208.620000,225.690000,126.195000,181.560000,164.070000,143.150000
2025-07-15,710.390000,209.110000,226.350000,126.027000,182.000000,170.700000,140.400000
2025-07-16,702.910000,210.160000,223.190000,125.031000,182.970000,171.370000,142.020000
2025-07-17,701.410000,210.020000,223.880000,127.417000,183.580000,173.000000,142.020000
2025-07-18,704.280000,211.180000,226.130000,120.924000,185.060000,172.410000,142.020000
2025-07-21,712.965000,212.480000,229.300000,123.327000,190.100000,171.380000,139.700000
2025-07-22,704.810000,214.400000,227.470000,119.008000,191.340000,167.030000,141.900000
2025-07-23,713.580000,214.150000,228.290000,117.678000,190.230000,170.780000,147.300000
2025-07-24,714.800000,213.760000,232.230000,118.076000,192.170000,173.740000,146.920000
2025-07-25,712.680000,213.880000,231.440000,118.049000,193.180000,173.500000,146.920000
2025-07-28,717.630000,214.050000,232.790000,117.460000,192.580000,176.750000,144.100000
2025-07-29,700.000000,211.270000,231.010000,116.874000,195.750000,175.510000,150.480000
2025-07-30,695.210000,209.050000,230.190000,118.420000,196.530000,179.270000,155.670000
2025-07-31,773.440000,207.570000,234.110000,115.940000,191.900000,177.870000,147.390000
2025-08-01,750.010000,202.380000,214.750000,115.860000,189.130000,173.720000,147.500000
2025-08-04,776.370000,203.350000,211.650000,117.099000,195.040000,180.000000,150.320000
2025-08-05,763.460000,202.920000,213.750000,114.787000,194.670000,178.260000,150.290000
2025-08-06,771.990000,213.250000,222.310000,117.848000,196.090000,179.420000,148.680000
2025-08-07,761.830000,220.030000,223.130000,118.037000,196.520000,180.770000,147.235000
2025-08-08,769.300000,229.350000,222.690000,121.164000,201.420000,182.700000,141.772000
2025-08-11,765.870000,227.180000,221.300000,121.831000,201.000000,182.060000,146.120000
2025-08-12,790.000000,229.650000,221.470000,122.528000,203.340000,183.160000,148.280000
2025-08-13,780.080000,233.330000,224.560000,120.444000,201.960000,181.590000,154.300000
2025-08-14,782.130000,232.780000,230.980000,123.056000,202.940000,182.020000,155.750000
2025-08-15,785.230000,231.590000,231.030000,123.895000,203.900000,180.450000,155.500000
2025-08-18,767.370000,230.890000,231.490000,124.509000,203.500000,182.010000,160.460000
2025-08-19,751.480000,230.560000,228.010000,121.415000,201.570000,175.640000,160.460000
2025-08-20,747.720000,226.010000,223.810000,121.386000,199.320000,175.400000,157.800000
2025-08-21,739.100000,224.900000,221.950000,120.621000,199.750000,174.980000,157.800000
2025-08-22,754.790000,227.760000,228.840000,120.465000,206.090000,177.990000,157.090000
2025-08-25,753.300000,227.160000,227.940000,121.807000,208.490000,179.810000,162.980000
2025-08-26,754.100000,229.310000,228.710000,122.609000,207.140000,181.770000,160.300000
2025-08-27,747.380000,230.490000,229.120000,122.350000,207.480000,181.600000,160.650000
2025-08-28,751.110000,232.560000,231.600000,123.145000,211.640000,180.170000,158.199900
2025-08-29,738.700000,232.140000,229.000000,120.825000,212.910000,174.180000,161.130000
2025-09-02,735.110000,229.720000,225.340000,121.411000,211.350000,170.780000,160.660000
2025-09-03,737.050000,238.470000,225.990000,122.618000,230.660000,170.620000,162.259900
2025-09-04,748.650000,239.780000,235.680000,125.748000,232.300000,171.660000,162.000000
2025-09-05,752.450000,239.690000,232.330000,124.382000,235.000000,167.020000,164.500000
2025-09-08,752.300000,237.880000,235.840000,124.476000,234.040000,168.310000,164.500000
2025-09-09,765.700000,234.350000,238.240000,126.325000,239.630000,170.760000,160.539900
2025-09-10,751.980000,226.790000,230.330000,124.771000,239.170000,177.330000,160.139900
2025-09-11,750.900000,230.030000,229.950000,120.350000,240.370000,177.170000,162.000000
2025-09-12,755.590000,234.070000,228.150000,118.844000,240.800000,177.820000,159.560000
2025-09-15,764.700000,236.700000,231.430000,120.226000,251.610000,177.750000,154.580000
2025-09-16,779.000000,238.150000,234.050000,120.051000,251.160000,174.880000,153.002800
2025-09-17,775.715000,238.990000,231.620000,122.850000,249.530000,170.290000,156.025000
2025-09-18,780.250000,237.880000,231.230000,120.778000,252.030000,176.240000,153.385000
2025-09-19,778.380000,245.500000,231.480000,122.697000,254.720000,176.670000,154.380000
2025-09-22,765.160000,256.080000,227.630000,122.737000,252.530000,183.610000,156.820000
2025-09-23,755.400000,254.430000,220.710000,121.847000,251.660000,178.430000,150.740000
2025-09-24,760.660000,252.310000,220.210000,120.395000,247.140000,176.970000,149.039900
2025-09-25,748.910000,256.870000,218.150000,120.824000,245.790000,177.690000,149.750000
2025-09-26,743.750000,255.460000,219.780000,121.061000,246.540000,178.190000,146.160000
2025-09-29,743.400000,254.430000,222.170000,120.641000,244.050000,181.850000,146.099900
2025-09-30,734.380000,254.630000,219.570000,119.892000,243.100000,186.580000,149.500000
2025-10-01,717.340000,255.450000,220.630000,117.090000,244.900000,187.240000,162.555000
2025-10-02,727.050000,257.130000,222.410000,116.253000,245.690000,188.890000,164.675000
2025-10-03,710.560000,258.020000,219.510000,115.332000,245.350000,187.620000,170.510000
2025-10-06,715.660000,256.690000,220.900000,116.331000,250.430000,185.540000,172.300000
2025-10-07,713.080000,256.480000,221.780000,119.106000,245.760000,185.040000,170.000000
2025-10-08,717.840000,258.060000,225.220000,121.425000,244.620000,189.110000,172.100000
2025-10-09,733.510000,254.040000,227.740000,123.107000,241.530000,192.570000,169.850000
2025-10-10,705.300000,245.270000,216.370000,122.008000,236.570000,183.160000,169.335300
2025-10-13,715.700000,247.660000,220.070000,121.903000,244.150000,188.320000,169.335300
2025-10-14,708.650000,247.770000,216.390000,121.535000,245.450000,180.030000,169.100000
2025-10-15,717.550000,249.340000,215.570000,120.329000,251.030000,179.830000,168.065000
2025-10-16,712.070000,247.450000,214.470000,118.359000,251.460000,181.810000,169.120000
2025-10-17,716.915000,252.290000,213.040000,119.936000,253.300000,183.220000,170.880000
2025-10-20,732.170000,262.240000,216.480000,123.856000,256.550000,182.640000,166.979900
2025-10-21,733.270000,262.770000,222.030000,124.135000,250.460000,181.160000,168.280000
2025-10-22,733.410000,258.450000,217.950000,111.637000,251.690000,180.280000,168.280000
2025-10-23,734.000000,259.580000,221.090000,111.359000,253.080000,182.160000,168.240000
2025-10-24,738.360000,262.820000,224.210000,109.469000,259.920000,186.260000,163.750000
2025-10-27,750.820000,268.810000,226.970000,109.456000,269.270000,191.490000,163.990000
2025-10-28,751.440000,269.000000,229.250000,110.250000,267.470000,201.030000,165.580000
2025-10-29,751.670000,269.700000,230.300000,110.041000,274.570000,207.040000,163.675000
2025-10-30,666.470000,271.400000,222.860000,108.900000,281.480000,202.890000,163.675000
2025-10-31,648.350000,270.370000,244.220000,111.886000,281.190000,202.490000,163.675000
2025-11-03,637.710000,269.050000,254.000000,110.009000,283.720000,206.880000,161.900000
2025-11-04,627.320000,270.040000,249.320000,109.296000,277.540000,198.690000,165.260000
2025-11-05,635.950000,270.140000,250.200000,109.846000,284.310000,195.210000,165.260000
2025-11-06,618.940000,269.770000,243.040000,109.702000,284.750000,188.080000,169.000000
2025-11-07,621.710000,268.470000,244.410000,110.366000,278.830000,188.150000,166.170000
2025-11-10,631.760000,269.430000,248.400000,112.007000,290.100000,199.050000,174.900000
2025-11-11,627.080000,275.250000,249.100000,113.644000,291.310000,193.160000,175.200000
2025-11-12,609.010000,273.470000,244.200000,115.750000,286.710000,193.800000,175.660000
2025-11-13,609.890000,272.950000,237.580000,115.423000,278.570000,186.860000,177.500000
2025-11-14,609.460000,272.410000,234.690000,111.217000,276.410000,190.170000,174.824900
2025-11-17,602.010000,267.460000,232.870000,110.290000,285.020000,186.600000,175.245000
2025-11-18,597.690000,267.440000,222.550000,114.090000,284.280000,181.360000,175.204900
2025-11-19,590.320000,268.560000,222.690000,110.000000,292.810000,186.520000,179.820000
2025-11-20,589.150000,266.250000,217.140000,105.670000,289.450000,180.640000,177.850000
2025-11-21,594.250000,271.490000,220.690000,104.310000,299.660000,178.880000,182.580000
2025-11-24,613.050000,275.920000,226.280000,106.970000,318.580000,182.550000,182.700000
2025-11-25,636.220000,276.970000,229.670000,104.400000,323.440000,177.820000,187.720000
2025-11-26,633.610000,277.550000,229.160000,106.140000,319.950000,180.260000,188.500000
2025-11-28,647.950000,278.850000,233.220000,107.580000,320.180000,177.000000,183.740000
2025-12-01,640.870000,283.100000,233.880000,109.130000,314.890000,179.920000,180.350000
2025-12-02,647.100000,286.190000,234.420000,109.350000,315.810000,181.460000,179.099900
2025-12-03,639.600000,284.150000,232.380000,103.960000,319.630000,179.590000,183.275000
2025-12-04,661.530000,280.700000,229.110000,103.220000,317.620000,183.380000,183.275000
2025-12-05,673.420000,278.780000,229.530000,100.240000,321.270000,182.410000,179.487500
2025-12-08,666.800000,277.890000,226.890000,96.790000,313.720000,185.550000,180.940000
2025-12-09,656.960000,277.180000,227.920000,96.710000,317.080000,184.970000,179.099900
2025-12-10,650.130000,278.780000,231.780000,92.710000,320.210000,183.780000,181.920000
2025-12-11,652.710000,278.030000,230.280000,94.090000,312.430000,180.930000,181.920000
2025-12-12,644.230000,278.280000,226.190000,95.190000,309.290000,175.020000,181.920000
2025-12-15,647.510000,274.110000,222.540000,93.770000,308.220000,176.290000,183.860000
2025-12-16,657.150000,274.610000,222.560000,94.570000,306.570000,177.720000,183.860000
2025-12-17,649.500000,271.840000,221.270000,94.790000,296.720000,170.940000,184.750000
2025-12-18,664.450000,272.190000,226.760000,94.000000,302.460000,174.140000,180.539900
2025-12-19,658.770000,273.670000,227.350000,94.390000,307.160000,180.990000,181.230000
2025-12-22,661.500000,270.970000,228.430000,93.230000,309.780000,183.690000,180.750000
2025-12-23,664.940000,272.360000,232.140000,93.500000,314.350000,189.210000,183.000000
2025-12-24,667.550000,273.810000,232.380000,93.640000,314.090000,188.610000,186.400000
2025-12-26,663.290000,273.400000,232.520000,94.470000,313.510000,190.530000,181.275000
2025-12-29,658.690000,273.760000,232.070000,94.150000,313.560000,188.220000,187.060000
2025-12-30,665.950000,273.080000,232.530000,93.780000,313.850000,187.540000,180.850000
2025-12-31,660.090000,271.860000,230.820000,93.760000,313.000000,186.500000,175.500000
2026-01-02,650.410000,271.010000,226.500000,90.990000,315.150000,188.850000,182.675000
2026-01-05,658.790000,267.260000,233.060000,91.460000,316.540000,188.120000,179.057000
2026-01-06,660.620000,262.360000,240.930000,90.650000,314.340000,187.240000,190.490000
2026-01-07,648.690000,260.330000,241.560000,90.730000,321.980000,189.110000,190.775000
2026-01-08,646.060000,259.040000,246.290000,90.530000,325.440000,185.040000,188.500000
2026-01-09,653.060000,259.370000,247.380000,89.460000,328.570000,184.860000,190.985000
2026-01-12,641.970000,260.250000,246.470000,89.410000,331.860000,184.940000,185.479900
2026-01-13,631.090000,261.050000,242.600000,90.320000,335.970000,185.810000,188.660000
2026-01-14,615.520000,259.960000,236.650000,88.550000,335.840000,183.140000,190.230000
2026-01-15,620.800000,258.210000,238.180000,88.050000,332.780000,187.050000,188.835000
2026-01-16,620.250000,255.530000,239.120000,88.000000,330.000000,186.230000,191.125000
2026-01-20,604.120000,246.700000,231.000000,87.260000,322.000000,178.070000,183.200000
2026-01-21,612.960000,247.650000,231.310000,85.360000,328.380000,183.320000,175.000000
2026-01-22,647.630000,248.350000,234.340000,83.540000,330.540000,184.840000,179.500000
2026-01-23,658.760000,248.040000,239.160000,86.120000,327.930000,187.670000,177.500000
2026-01-26,672.360000,255.410000,238.420000,85.700000,333.260000,186.470000,179.050000
2026-01-27,672.970000,258.270000,244.680000,85.580000,334.550000,188.520000,188.065000
2026-01-28,668.730000,256.440000,243.010000,84.640000,336.010000,191.520000,187.800000
2026-01-29,738.310000,258.280000,241.730000,83.160000,338.250000,192.510000,183.170000
2026-01-30,716.500000,259.480000,239.300000,83.490000,338.000000,191.130000,187.100000
2026-02-02,706.410000,270.010000,242.960000,82.760000,343.690000,185.610000,188.410000
2026-02-03,691.700000,269.480000,238.620000,79.940000,339.710000,180.340000,184.320000
2026-02-04,668.990000,276.490000,232.990000,80.160000,333.040000,174.190000,187.450000
2026-02-05,670.210000,275.910000,222.690000,80.870000,331.250000,171.880000,187.160000
2026-02-06,661.460000,278.120000,210.320000,82.200000,322.860000,185.410000,193.030000
2026-02-09,677.220000,274.620000,208.720000,81.470000,324.320000,190.040000,188.010000
2026-02-10,670.720000,273.680000,206.960000,82.210000,318.580000,188.540000,193.400000
2026-02-11,668.690000,275.500000,204.080000,79.620000,310.960000,190.050000,204.760000
2026-02-12,649.810000,261.730000,199.600000,75.860000,309.000000,186.940000,204.520000
2026-02-13,639.770000,255.780000,198.790000,76.870000,305.720000,182.810000,205.550000
2026-02-17,639.290000,263.880000,201.150000,77.000000,302.020000,184.970000,209.480000
2026-02-18,643.220000,264.350000,204.790000,77.990000,303.330000,187.980000,208.670000
2026-02-19,644.780000,260.580000,204.860000,77.000000,302.850000,187.900000,208.620000
2026-02-20,655.660000,264.580000,210.110000,78.670000,314.980000,189.820000,204.200000
2026-02-23,637.250000,266.180000,205.270000,76.020000,311.490000,191.550000,204.940000
2026-02-24,639.300000,272.140000,208.560000,78.040000,310.900000,192.850000,206.610000
2026-02-25,653.690000,274.230000,210.640000,82.700000,312.900000,195.560000,205.790000
2026-02-26,657.010000,272.950000,207.920000,84.590000,307.380000,184.890000,203.980000
2026-02-27,648.180000,264.180000,210.000000,96.240000,311.760000,177.190000,208.450000
2026-03-02,653.560000,264.720000,208.390000,97.090000,306.520000,182.480000,203.730000
2026-03-03,655.080000,263.750000,208.730000,97.700000,303.580000,180.050000,201.760000
2026-03-04,667.730000,262.520000,216.820000,98.660000,303.130000,183.040000,201.530000
2026-03-05,660.570000,260.290000,218.940000,99.170000,300.880000,183.340000,197.520000
2026-03-06,644.860000,257.460000,213.210000,99.020000,298.520000,177.820000,194.220000
2026-03-09,647.390000,259.880000,213.490000,98.320000,306.360000,182.650000,194.950000
2026-03-10,654.070000,260.830000,214.330000,96.940000,307.040000,184.770000,194.990000
2026-03-11,654.860000,260.810000,212.650000,94.890000,308.700000,186.030000,193.310000
2026-03-12,638.180000,255.760000,209.530000,94.310000,303.550000,183.140000,192.500000
2026-03-13,613.710000,250.120000,207.670000,95.310000,302.280000,180.250000,189.900000
2026-03-16,627.450000,252.820000,211.740000,95.200000,305.560000,183.220000,192.010000
2026-03-17,622.660000,254.230000,215.200000,94.360000,310.920000,181.930000,191.290000
2026-03-18,615.680000,249.940000,209.870000,94.700000,307.690000,180.400000,188.420000
2026-03-19,606.700000,248.960000,208.760000,91.740000,307.130000,178.560000,188.930000
2026-03-20,593.660000,247.990000,205.370000,91.820000,301.000000,172.700000,183.600000
2026-03-23,604.060000,251.490000,210.140000,93.380000,302.060000,175.640000,184.070000
2026-03-24,592.920000,251.640000,207.240000,90.920000,290.440000,175.200000,185.780000
2026-03-25,594.890000,252.620000,211.710000,92.280000,290.930000,178.680000,187.140000
2026-03-26,547.540000,252.890000,207.540000,93.320000,280.920000,171.240000,183.400000
2026-03-27,525.720000,248.800000,199.340000,93.430000,274.340000,167.520000,188.420000
2026-03-30,536.380000,246.630000,200.950000,92.970000,273.500000,165.170000,193.880000
2026-03-31,572.130000,253.790000,208.270000,96.150000,287.560000,174.400000,197.220000
2026-04-01,579.230000,255.630000,210.570000,95.550000,297.390000,175.750000,200.730000
2026-04-02,574.460000,255.920000,209.770000,98.660000,295.770000,177.390000,203.490000
2026-04-06,573.020000,258.860000,212.790000,98.930000,299.990000,177.640000,202.830000
2026-04-07,575.050000,253.500000,213.770000,98.820000,305.460000,178.100000,200.810000
2026-04-08,612.420000,258.900000,221.250000,99.390000,317.320000,182.080000,204.270000
2026-04-09,628.390000,260.490000,233.650000,102.050000,318.490000,183.910000,204.990000
2026-04-10,629.860000,260.480000,238.380000,103.010000,317.240000,188.630000,204.030000
2026-04-13,634.530000,259.200000,239.890000,103.160000,321.310000,189.310000,202.240000
2026-04-14,662.490000,258.830000,249.020000,106.280000,332.910000,196.510000,204.380000
2026-04-15,671.580000,266.430000,248.500000,107.710000,337.120000,198.870000,201.210000
2026-04-16,676.870000,263.400000,249.700000,107.790000,336.020000,198.350000,200.470000
2026-04-17,688.550000,270.230000,250.560000,97.310000,341.680000,201.680000,204.800000
2026-04-20,670.910000,273.050000,248.280000,94.830000,337.420000,202.060000,200.690000
2026-04-21,668.840000,266.170000,249.910000,92.580000,332.290000,199.880000,195.780000
2026-04-22,674.720000,273.170000,255.360000,93.240000,339.320000,202.500000,194.810000
2026-04-23,659.150000,273.430000,255.080000,92.820000,338.890000,199.640000,192.300000
2026-04-24,675.030000,271.060000,263.990000,92.440000,344.400000,208.270000,189.750000
2026-04-27,678.620000,267.610000,261.120000,91.370000,350.340000,216.610000,187.510000
2026-04-28,671.340000,270.710000,259.700000,92.270000,349.780000,213.170000,186.680000
2026-04-29,669.120000,270.170000,263.040000,92.120000,349.940000,209.250000,185.200000
2026-04-30,611.910000,271.350000,265.060000,93.610000,384.800000,199.570000,187.370000
2026-05-01,608.745000,280.140000,268.260000,92.060000,385.690000,198.450000,184.740000
2026-05-04,610.410000,276.830000,272.050000,91.020000,383.250000,198.480000,183.460000
2026-05-05,604.960000,284.180000,273.550000,87.890000,388.430000,196.500000,181.240000
2026-05-06,612.880000,287.510000,274.990000,88.270000,398.040000,207.830000,184.920000
2026-05-07,616.810000,287.440000,271.170000,88.250000,397.990000,211.500000,182.520000
2026-05-08,609.630000,293.320000,272.680000,87.490000,400.800000,215.200000,182.850000
2026-05-11,598.860000,292.680000,268.990000,85.450000,388.640000,219.440000,181.860000
2026-05-12,603.000000,294.800000,265.820000,87.660000,387.350000,220.780000,184.540000
2026-05-13,616.630000,298.870000,270.130000,87.560000,402.620000,225.830000,187.720000
2026-05-14,618.430000,298.210000,267.220000,86.940000,401.070000,235.740000,184.960000
2026-05-15,614.230000,300.230000,264.140000,87.020000,396.780000,225.320000,181.580000
2026-05-18,611.210000,297.840000,264.860000,89.650000,396.940000,222.320000,183.920000
2026-05-19,602.610000,298.970000,259.340000,89.330000,387.660000,220.610000,184.640000
2026-05-20,605.060000,302.250000,265.010000,88.090000,388.910000,223.470000,187.460000
2026-05-21,607.380000,304.990000,268.460000,89.300000,387.660000,219.510000,189.750000
2026-05-22,610.260000,308.820000,266.320000,88.600000,382.970000,215.330000,187.030000
2026-05-26,612.340000,308.330000,265.290000,87.680000,388.880000,214.860000,187.190000
2026-05-27,635.255000,310.850000,271.850000,87.350000,388.830000,212.600000,185.650000
2026-05-28,635.290000,312.510000,274.000000,86.360000,390.130000,214.250000,185.330000
2026-05-29,632.510000,312.060000,270.640000,86.020000,380.340000,211.140000,185.670000
2026-06-01,600.470000,306.310000,261.260000,85.850000,376.370000,224.360000,179.710000
2026-06-02,597.630000,315.200000,256.520000,83.330000,361.850000,222.820000,177.450000
2026-06-03,622.980000,310.260000,250.020000,81.520000,358.990000,214.750000,176.280000
2026-06-04,627.570000,311.230000,253.790000,81.560000,372.190000,218.660000,181.800000
2026-06-05,593.000000,307.340000,246.030000,82.180000,368.530000,205.100000,185.950000
2026-06-08,585.390000,301.540000,245.220000,82.640000,363.310000,208.640000,181.550000
2026-06-09,584.590000,290.550000,244.190000,81.410000,364.260000,208.190000,183.430000
2026-06-10,570.980000,291.580000,238.000000,82.000000,356.380000,200.420000,178.960000
2026-06-11,568.430000,295.630000,241.510000,81.270000,357.770000,204.870000,182.280000
2026-06-12,566.980000,291.130000,238.550000,80.340000,359.680000,205.190000,178.750000
2026-06-15,593.480000,296.420000,246.020000,81.670000,369.350000,212.450000,177.270000
2026-06-16,600.210000,299.240000,246.000000,78.720000,373.250000,207.410000,178.710000
2026-06-17,567.580000,295.950000,237.500000,76.960000,363.790000,204.650000,177.890000
2026-06-18,577.220000,298.010000,244.390000,77.380000,368.030000,210.690000,174.930000
2026-06-22,563.850000,297.010000,232.790000,72.880000,349.680000,208.650000,176.430000
2026-06-23,562.200000,294.300000,234.110000,72.820000,346.130000,200.040000,181.020000
2026-06-24,557.670000,293.080000,234.270000,71.840000,345.290000,199.000000,183.020000
2026-06-25,542.870000,275.150000,227.010000,70.900000,343.710000,195.740000,185.680000
2026-06-26,550.250000,283.780000,232.690000,73.810000,337.390000,192.530000,188.410000
2026-06-29,562.600000,281.740000,240.140000,73.780000,353.650000,194.970000,190.950000
2026-06-30,563.290000,289.360000,238.340000,71.400000,357.370000,200.090000,189.620000
2026-07-01,612.910000,294.380000,241.700000,74.190000,361.210000,197.580000,183.860000
2026-07-02,582.900000,308.630000,242.670000,77.650000,359.910000,194.830000,195.150000
2026-07-06,600.290000,312.660000,244.160000,76.020000,366.460000,195.550000,190.160000
2026-07-07,615.580000,310.660000,245.980000,76.180000,367.030000,196.930000,193.120000
2026-07-08,603.120000,313.390000,243.620000,75.590000,361.920000,204.120000,189.280000
2026-07-09,631.480000,316.220000,247.040000,75.470000,358.890000,202.780000,178.490000
2026-07-10,669.210000,315.320000,245.340000,73.370000,357.180000,210.960000,171.610000
2026-07-13,656.730000,317.310000,247.310000,73.830000,352.510000,203.530000,169.470000
2026-07-14,661.040000,314.860000,247.490000,73.530000,359.510000,211.800000,164.500000
2026-07-15,681.310000,327.500000,254.960000,73.680000,370.920000,212.500000,168.370000
2026-07-16,664.540000,333.260000,249.890000,74.350000,354.460000,207.400000,169.290000
2026-07-17,646.010000,333.740000,247.230000,68.950000,346.770000,202.810000,168.900000
2026-07-20,645.850000,326.590000,249.990000,67.600000,351.990000,203.280000,164.520000
2026-07-21,643.810000,327.740000,247.550000,68.670000,347.150000,207.290000,169.340000
2026-07-22,627.170000,325.890000,244.850000,68.530000,342.090000,212.060000,169.730000
2026-07-23,606.100000,321.660000,233.660000,68.890000,317.690000,208.760000,168.270000
2026-07-24,595.190000,333.020000,232.110000,70.090000,319.740000,206.840000,169.260000
2026-07-27,593.870000,336.910000,231.390000,70.400000,326.560000,196.510000,169.640000
2026-07-28,593.410000,340.080000,230.860000,72.390000,333.710000,197.010000,172.480000
2026-07-29,585.610000,338.190000,226.650000,73.630000,336.710000,190.010000,173.300000
2026-07-30,539.030000,333.430000,235.500000,73.170000,333.660000,195.040000,171.340000
2026-07-31,556.710000,308.910000,271.580000,71.710000,356.130000,200.750000,169.640000
2026-08-03,590.240000,303.420000,284.020000,73.330000,373.510000,206.640000,157.970000
2026-08-04,587.940000,309.380000,277.420000,73.570000,377.650000,211.940000,155.620000
2026-08-05,588.770000,311.000000,272.650000,74.200000,362.430000,219.220000,161.500000
2026-08-06,589.900000,312.410000,272.260000,73.690000,357.750000,218.990000,161.070000
2026-08-07,592.100000,313.330000,274.480000,74.140000,354.300000,223.960000,161.420000
2026-08-10,594.920000,308.260000,278.090000,76.290000,357.520000,217.550000,161.910000
2026-08-11,599.120000,304.910000,272.270000,74.790000,343.800000,217.500000,158.750000
2026-08-12,578.850000,302.250000,267.280000,74.210000,343.540000,224.090000,158.500000
2026-08-13,594.970000,305.260000,265.130000,78.240000,346.360000,225.300000,157.240000
2026-08-14,589.850000,305.930000,262.650000,78.160000,345.900000,225.160000,156.450000
2026-08-17,568.970000,305.590000,261.310000,76.020000,344.000000,225.010000,156.890000
2026-08-18,543.670000,310.030000,259.450000,77.770000,344.200000,219.740000,160.100000
2026-08-19,546.030000,316.830000,265.840000,80.220000,344.720000,217.560000,164.950000
2026-08-20,545.830000,311.300000,260.110000,80.140000,340.670000,216.850000,164.490000
2026-08-21,549.900000,309.350000,258.630000,79.590000,344.820000,214.720000,165.980000
2026-08-24,559.020000,310.340000,262.070000,80.010000,348.060000,208.480000,166.710000
2026-08-25,570.050000,309.900000,261.060000,82.230000,346.960000,213.050000,169.660000
2026-08-26,576.140000,313.450000,260.280000,81.460000,342.000000,209.660000,166.270000
2026-08-27,571.100000,314.580000,256.260000,79.840000,340.650000,227.980000,164.520000
2026-08-28,578.020000,319.700000,266.430000,81.720000,346.590000,217.550000,162.700000
2026-08-31,572.340000,316.850000,259.770000,81.050000,339.350000,220.780000,162.130000
2026-09-01,578.540000,325.130000,254.920000,80.810000,335.020000,217.440000,162.470000
